refdate,bdi_code,symbol,specification_code,isin,strike_price,close,best_bid,best_ask,open,maturity_date,volume,traded_contracts,trade_quantity,distribution_id
2026-07-21,78,BRAVI202,ON      NM,BRBRAVACNOR3,20.13,0.81,0.8,1.05,1.15,2026-09-18,102488.0,106000,583,103
2026-07-21,82,BRAVT145,ON      NM,BRBRAVACNOR3,14.38,0.1,0.03,0.15,0.08,2026-08-21,6656.0,74800,22,104
2026-07-21,82,BRAVT372,ON      NM,BRBRAVACNOR3,37.13,17.35,16.8,0.0,17.34,2026-08-21,6939.0,400,3,103
2026-07-21,78,BRAVI197,ON      NM,BRBRAVACNOR3,19.63,1.05,1.0,0.0,1.07,2026-09-18,42606.0,40100,13,104
2026-07-21,78,BRAVI220,ON      NM,BRBRAVACNOR3,21.88,0.46,0.39,0.47,0.45,2026-09-18,5925.0,13700,26,104
2026-07-21,78,BRAVI22,ON      NM,BRBRAVACNOR3,22.13,0.36,0.1,0.4,0.4,2026-09-18,472.0,1200,2,104
2026-07-21,78,BRAVI225,ON      NM,BRBRAVACNOR3,22.38,0.3,0.0,0.0,0.31,2026-09-18,537.0,1600,10,104
2026-07-21,78,BRAVI231,ON      NM,BRBRAVACNOR3,23.13,0.21,0.0,0.38,0.2,2026-09-18,441.0,2200,4,104
2026-07-21,78,BRAVH115,ON      NM,BRBRAVACNOR3,11.38,8.75,0.0,0.0,8.74,2026-08-21,92469.0,10500,105,103
2026-07-21,82,BRAVX13,ON      NM,BRBRAVACNOR3,12.88,0.11,0.0,0.0,0.11,2026-12-18,11.0,100,1,103
2026-07-21,82,BRAVT120,ON      NM,BRBRAVACNOR3,11.88,0.04,0.03,0.05,0.06,2026-08-21,7653.0,166000,777,103
2026-07-21,82,BRAVT180,ON      NM,BRBRAVACNOR3,17.88,0.5,0.45,0.64,0.44,2026-08-21,132676.0,270800,161,100
2026-07-21,82,BRAVU115,ON      NM,BRBRAVACNOR3,11.38,0.07,0.0,0.0,0.09,2026-09-18,2256.0,30500,303,104
2026-07-21,82,BRAVU110,ON      NM,BRBRAVACNOR3,10.88,0.08,0.0,0.0,0.09,2026-09-18,977.0,12200,103,104
2026-07-21,82,BRAVU190,ON      NM,BRBRAVACNOR3,18.88,1.21,0.7,0.0,1.06,2026-09-18,2828.0,2600,5,104
2026-07-21,82,BRAVU192,ON      NM,BRBRAVACNOR3,19.13,1.22,0.0,0.0,1.17,2026-09-18,971.0,800,2,104
2026-07-21,82,BRAVU103,ON      NM,BRBRAVACNOR3,10.38,0.01,0.0,0.0,0.09,2026-09-18,10.0,200,2,105
2026-07-21,82,BRAVT213,ON      NM,BRBRAVACNOR3,21.38,2.41,0.0,0.0,2.35,2026-08-21,91730.0,38400,48,105
2026-07-21,82,BRAVT193,ON      NM,BRBRAVACNOR3,19.38,1.07,0.53,0.0,0.93,2026-08-21,62695.0,60200,50,105
2026-07-21,78,BRAVI255,ON      NM,BRBRAVACNOR3,25.38,0.08,0.07,0.09,0.08,2026-09-18,40.0,500,5,104
2026-07-21,78,BRAVI23,ON      NM,BRBRAVACNOR3,22.88,0.26,0.0,1.0,0.27,2026-09-18,439.0,1700,11,100
2026-07-21,78,BRAVH210,ON      NM,BRBRAVACNOR3,20.88,0.43,0.4,0.47,0.51,2026-08-21,34915.0,76000,83,100
2026-07-21,82,BRAVT170,ON      NM,BRBRAVACNOR3,16.88,0.32,0.15,0.35,0.3,2026-08-21,2202.0,7300,10,100
2026-07-21,78,BRAVH120,ON      NM,BRBRAVACNOR3,11.88,8.18,0.0,0.0,8.28,2026-08-21,1295205.0,156200,778,103
2026-07-21,82,BRAVU201,ON      NM,BRBRAVACNOR3,20.13,2.37,1.5,0.0,2.61,2027-09-17,498.0,200,2,102
2026-07-21,78,BRAVI165,ON      NM,BRBRAVACNOR3,16.38,3.9,0.0,0.0,3.96,2026-09-18,6330.0,1600,8,104
2026-07-21,78,BRAVI24,ON      NM,BRBRAVACNOR3,24.13,0.11,0.0,0.0,0.11,2026-09-18,3256.0,29600,7,104
2026-07-21,82,BRAVU23,ON      NM,BRBRAVACNOR3,22.88,3.63,0.0,0.0,3.51,2026-09-18,1421.0,400,4,100
2026-07-21,82,BRAVU162,ON      NM,BRBRAVACNOR3,16.13,0.35,0.0,0.35,0.3,2026-09-18,4630.0,14100,16,104
2026-07-21,78,BRAVK211,ON      NM,BRBRAVACNOR3,21.13,1.15,0.0,0.0,1.15,2026-11-19,115.0,100,1,105
2026-07-21,78,BRAVH231,ON      NM,BRBRAVACNOR3,23.13,0.08,0.07,0.12,0.09,2026-08-21,13579.0,144600,72,105
2026-07-21,78,BRAVH133,ON      NM,BRBRAVACNOR3,13.38,6.84,0.0,0.0,6.81,2026-08-21,160136.0,23600,217,105
2026-07-21,78,BRAVH241,ON      NM,BRBRAVACNOR3,24.13,0.04,0.0,0.07,0.06,2026-08-21,392.0,6800,18,105
2026-07-21,82,BRAVT181,ON      NM,BRBRAVACNOR3,18.13,0.61,0.4,0.66,0.51,2026-08-21,27470.0,49900,42,105
2026-07-21,82,BRAVS198W4,ON      NM,BRBRAVACNOR3,19.88,0.18,0.0,1.5,0.16,2026-07-24,1440.0,9400,10,105
2026-07-21,82,BRAVV176,ON      NM,BRBRAVACNOR3,17.63,0.68,0.0,0.0,0.68,2026-10-16,68.0,100,1,105
2026-07-21,82,BRAVS178W5,ON      NM,BRBRAVACNOR3,17.88,0.07,0.0,0.0,0.04,2026-07-31,368.0,5300,4,105
2026-07-21,82,BRAVS193W5,ON      NM,BRBRAVACNOR3,19.38,0.16,0.0,0.0,0.16,2026-07-31,16.0,100,1,105
2026-07-21,82,BRAVS203W5,ON      NM,BRBRAVACNOR3,20.38,0.59,0.0,1.47,0.6,2026-07-31,3128.0,5300,4,105
2026-07-21,82,BRAVS198W5,ON      NM,BRBRAVACNOR3,19.88,0.35,0.0,0.0,0.35,2026-07-31,35.0,100,1,105
2026-07-21,78,BRAVH170,ON      NM,BRBRAVACNOR3,16.88,3.39,0.0,3.85,3.39,2026-08-21,4407.0,1300,13,100
2026-07-21,78,BRAVH190,ON      NM,BRBRAVACNOR3,18.88,1.42,0.38,1.95,1.65,2026-08-21,931218.0,628700,1005,100
2026-07-21,82,BRAVT115,ON      NM,BRBRAVACNOR3,11.38,0.05,0.0,0.0,0.03,2026-08-21,985.0,15900,144,103
2026-07-21,82,BRAVT175,ON      NM,BRBRAVACNOR3,17.38,0.41,0.3,0.5,0.36,2026-08-21,12103.0,30900,40,103
2026-07-21,78,BRAVH220,ON      NM,BRBRAVACNOR3,21.88,0.2,0.2,0.25,0.25,2026-08-21,14312.0,68500,24,100
2026-07-21,78,BRAVH230,ON      NM,BRBRAVACNOR3,22.88,0.12,0.0,0.15,0.12,2026-08-21,10739.0,93000,42,100
2026-07-21,78,BRAVJ20,ON      NM,BRBRAVACNOR3,19.88,1.26,1.1,1.35,1.26,2026-10-16,3528.0,2800,1,100
2026-07-21,82,BRAVN390,ON      NM,BRBRAVACNOR3,38.88,19.7,0.0,0.0,19.7,2027-02-19,1970.0,100,1,101
2026-07-21,78,BRAVL250,ON      NM,BRBRAVACNOR3,24.88,2.12,0.5,2.9,2.12,2027-12-17,2120.0,1000,2,103
2026-07-21,78,BRAVH145,ON      NM,BRBRAVACNOR3,14.38,5.86,0.0,0.0,5.75,2026-08-21,1734.0,300,3,104
2026-07-21,78,BRAVI115,ON      NM,BRBRAVACNOR3,11.38,8.85,0.0,0.0,8.83,2026-09-18,269824.0,30500,304,104
2026-07-21,78,BRAVH180,ON      NM,BRBRAVACNOR3,17.88,2.3,1.58,2.3,2.5,2026-08-21,381161.0,161900,247,100
2026-07-21,82,BRAVT220,ON      NM,BRBRAVACNOR3,21.88,2.87,2.21,0.0,2.21,2026-08-21,2502.0,1000,3,100
2026-07-21,82,BRAVT230,ON      NM,BRBRAVACNOR3,22.88,3.73,3.02,0.0,3.51,2026-08-21,202586.0,54400,25,100
2026-07-21,78,BRAVH193,ON      NM,BRBRAVACNOR3,19.38,1.1,0.91,1.2,1.36,2026-08-21,29712.0,25100,23,105
2026-07-21,82,BRAVV17,ON      NM,BRBRAVACNOR3,16.88,0.52,0.4,0.65,0.49,2026-10-16,201.0,400,4,100
2026-07-21,82,BRAVX280,ON      NM,BRBRAVACNOR3,27.88,7.85,0.0,0.0,7.5,2026-12-18,14445.0,1900,3,103
2026-07-21,78,BRAVH153,ON      NM,BRBRAVACNOR3,15.38,4.73,0.0,0.0,5.0,2026-08-21,437700.0,90000,8,105
2026-07-21,78,BRAVH223,ON      NM,BRBRAVACNOR3,22.38,0.15,0.0,0.22,0.18,2026-08-21,1936.0,11900,8,105
2026-07-21,78,BRAVH238,ON      NM,BRBRAVACNOR3,23.88,0.06,0.0,0.15,0.08,2026-08-21,1214.0,19100,8,105
2026-07-21,78,BRAVH233,ON      NM,BRBRAVACNOR3,23.38,0.08,0.07,0.1,0.11,2026-08-21,1648.0,18000,14,105
2026-07-21,78,BRAVH243,ON      NM,BRBRAVACNOR3,24.38,0.07,0.0,0.08,0.13,2026-08-21,5996.0,77100,438,105
2026-07-21,78,BRAVG203W5,ON      NM,BRBRAVACNOR3,20.38,0.4,0.0,0.0,0.3,2026-07-31,7017.0,20200,6,105
2026-07-21,78,BRAVG208W5,ON      NM,BRBRAVACNOR3,20.88,0.21,0.0,0.3,0.23,2026-07-31,273.0,1200,9,105
2026-07-21,82,BRAVS178W4,ON      NM,BRBRAVACNOR3,17.88,0.01,0.0,0.01,0.01,2026-07-24,1.0,100,1,105
2026-07-21,82,BRAVS193W4,ON      NM,BRBRAVACNOR3,19.38,0.07,0.0,0.1,0.06,2026-07-24,2307.0,39700,21,105
2026-07-21,82,BRAVT153,ON      NM,BRBRAVACNOR3,15.38,0.14,0.04,0.3,0.13,2026-08-21,9582.0,66500,33,105
2026-07-21,82,BRAVT133,ON      NM,BRBRAVACNOR3,13.38,0.06,0.04,0.06,0.09,2026-08-21,2301.0,32400,239,105
2026-07-21,82,BRAVT206,ON      NM,BRBRAVACNOR3,20.63,1.8,1.56,0.0,1.88,2026-08-21,33765.0,18600,131,105
2026-07-21,82,BRAVU172,ON      NM,BRBRAVACNOR3,17.13,0.5,0.0,0.0,0.5,2026-09-18,50.0,100,1,104
2026-07-21,78,BRAVH216,ON      NM,BRBRAVACNOR3,21.63,0.22,0.0,0.3,0.26,2026-08-21,1898.0,7900,11,105
2026-07-21,78,BRAVI263,ON      NM,BRBRAVACNOR3,26.38,0.2,0.0,0.0,0.2,2026-09-18,100.0,500,1,105
2026-07-21,78,BRAVH211,ON      NM,BRBRAVACNOR3,21.13,0.33,0.14,0.37,0.4,2026-08-21,53020.0,145100,130,105
2026-07-21,78,BRAVH181,ON      NM,BRBRAVACNOR3,18.13,1.62,0.5,2.2,1.83,2026-08-21,4085.0,2300,6,105
2026-07-21,78,BRAVG203W4,ON      NM,BRBRAVACNOR3,20.38,0.21,0.15,0.3,0.23,2026-07-24,3347.0,10100,18,105
2026-07-21,78,BRAVH168W1,ON      NM,BRBRAVACNOR3,16.88,3.31,0.0,0.0,3.22,2026-08-07,653.0,200,2,105
2026-07-21,78,BRAVH178W1,ON      NM,BRBRAVACNOR3,17.88,2.25,0.0,0.0,2.36,2026-08-07,2461485.0,1098900,247,105
2026-07-21,78,BRAVI187,ON      NM,BRBRAVACNOR3,18.63,1.57,0.0,0.0,1.7,2026-09-18,8826.0,5500,8,104
2026-07-21,78,BRAVI207,ON      NM,BRBRAVACNOR3,20.63,0.66,0.66,0.74,0.9,2026-09-18,69532.0,107000,59,104
2026-07-21,78,BRAVI209,ON      NM,BRBRAVACNOR3,20.88,0.65,0.56,0.7,0.72,2026-09-18,57153.0,80500,74,103
2026-07-21,78,BRAVK199,ON      NM,BRBRAVACNOR3,19.88,3.67,0.2,0.0,3.67,2027-11-19,367.0,100,1,103
2026-07-21,82,BRAVU185,ON      NM,BRBRAVACNOR3,18.38,0.89,0.18,1.2,0.78,2026-09-18,4810.0,5400,9,103
2026-07-21,82,BRAVX170,ON      NM,BRBRAVACNOR3,16.88,0.78,0.7,1.27,0.77,2026-12-18,155.0,200,2,103
2026-07-21,82,BRAVS176,ON      NM,BRBRAVACNOR3,17.48,1.3,1.05,0.0,1.29,2027-07-16,259.0,200,2,102
2026-07-21,82,BRAVX32,ON      NM,BRBRAVACNOR3,31.88,11.59,11.56,0.0,11.55,2026-12-18,28905.0,2500,4,103
2026-07-21,82,BRAVX180,ON      NM,BRBRAVACNOR3,17.88,1.85,1.67,1.85,1.77,2027-12-17,9003.0,5400,8,103
2026-07-21,78,BRAVI185,ON      NM,BRBRAVACNOR3,18.38,1.9,0.0,0.0,1.86,2026-09-18,376.0,200,2,103
2026-07-21,78,BRAVG206W4,ON      NM,BRBRAVACNOR3,20.63,0.07,0.0,0.2,0.26,2026-07-24,1811.0,25600,2,105
2026-07-21,78,BRAVG183W4,ON      NM,BRBRAVACNOR3,18.38,1.79,0.0,0.0,1.6,2026-07-24,339.0,200,2,105
2026-07-21,78,BRAVI247,ON      NM,BRBRAVACNOR3,24.63,0.09,0.0,0.0,0.09,2026-09-18,1332.0,14800,1,104
2026-07-21,82,BRAVT243,ON      NM,BRBRAVACNOR3,24.38,5.09,4.99,0.0,4.71,2026-08-21,584305.0,119200,440,105
2026-07-21,82,BRAVU145,ON      NM,BRBRAVACNOR3,14.38,0.18,0.0,0.0,0.15,2026-09-18,46.0,300,3,104
2026-07-21,82,BRAVU160,ON      NM,BRBRAVACNOR3,15.88,0.31,0.0,0.0,0.28,2026-09-18,6605.0,22900,23,104
2026-07-21,78,BRAVH206,ON      NM,BRBRAVACNOR3,20.63,0.55,0.4,0.69,0.61,2026-08-21,136808.0,285500,297,105
2026-07-21,78,BRAVI190,ON      NM,BRBRAVACNOR3,18.88,1.63,1.5,0.0,1.69,2026-09-18,227894.0,144100,193,104
2026-07-21,78,BRAVI200,ON      NM,BRBRAVACNOR3,19.88,0.99,0.56,1.1,1.2,2026-09-18,87025.0,74600,106,104
2026-07-21,78,BRAVI205,ON      NM,BRBRAVACNOR3,20.38,0.87,0.72,0.0,0.94,2026-09-18,73978.0,81300,126,104
2026-07-21,82,BRAVX178,ON      NM,BRBRAVACNOR3,17.88,0.8,0.3,0.0,0.8,2026-12-18,1600.0,2000,2,105
2026-07-21,82,BRAVP182,ON      NM,BRBRAVACNOR3,18.25,1.62,1.15,0.0,1.62,2027-04-16,2430.0,1500,1,105
2026-07-21,78,BRAVI145,ON      NM,BRBRAVACNOR3,14.38,5.5,0.0,0.0,5.47,2026-09-18,1667.0,300,3,104
2026-07-21,78,BRAVI110,ON      NM,BRBRAVACNOR3,10.88,9.05,0.0,0.0,9.26,2026-09-18,95286.0,10300,103,104
2026-07-21,82,BRAVU24,ON      NM,BRBRAVACNOR3,24.13,4.73,0.0,0.0,4.73,2026-09-18,4730.0,1000,1,104
2026-07-21,82,BRAVT190,ON      NM,BRBRAVACNOR3,18.88,0.92,0.8,1.16,0.73,2026-08-21,102496.0,117400,219,100
2026-07-21,78,BRAVH226,ON      NM,BRBRAVACNOR3,22.63,0.13,0.0,0.35,0.14,2026-08-21,2077.0,15800,20,105
2026-07-21,78,BRAVH187W2,ON      NM,BRBRAVACNOR3,18.75,1.33,0.0,0.0,1.45,2026-08-14,278.0,200,2,105
2026-07-21,78,BRAVH195W2,ON      NM,BRBRAVACNOR3,19.5,0.99,0.0,0.0,0.86,2026-08-14,185.0,200,2,105
2026-07-21,78,BRAVH192W2,ON      NM,BRBRAVACNOR3,19.25,0.77,0.0,0.0,0.99,2026-08-14,176.0,200,2,105
2026-07-21,78,BRAVH186W1,ON      NM,BRBRAVACNOR3,18.63,1.38,1.28,0.0,1.27,2026-08-07,32537.0,25200,8,105
2026-07-21,78,BRAVH173W1,ON      NM,BRBRAVACNOR3,17.38,2.72,0.0,2.89,2.9,2026-08-07,2147149.0,784500,374,105
2026-07-21,78,BRAVH188W1,ON      NM,BRBRAVACNOR3,18.88,1.41,0.0,0.0,1.53,2026-08-07,34890.0,25200,8,105
2026-07-21,78,BRAVH183W1,ON      NM,BRBRAVACNOR3,18.38,1.85,0.0,0.0,1.74,2026-08-07,853764.0,487000,249,105
2026-07-21,78,BRAVH193W1,ON      NM,BRBRAVACNOR3,19.38,1.15,0.0,0.0,0.96,2026-08-07,211.0,200,2,105
2026-07-21,78,BRAVH171W1,ON      NM,BRBRAVACNOR3,17.13,2.56,0.0,0.0,3.0,2026-08-07,2351411.0,918800,352,105
2026-07-21,78,BRAVH213W1,ON      NM,BRBRAVACNOR3,21.38,0.18,0.0,0.0,0.26,2026-08-07,44.0,200,2,105
2026-07-21,78,BRAVH181W1,ON      NM,BRBRAVACNOR3,18.13,1.8,1.61,1.7,1.76,2026-08-07,1024348.0,622900,79,105
2026-07-21,78,BRAVH176W1,ON      NM,BRBRAVACNOR3,17.63,2.14,0.0,0.0,1.99,2026-08-07,2781134.0,1304300,176,105
2026-07-21,78,BRAVI192,ON      NM,BRBRAVACNOR3,19.13,1.32,0.0,0.0,1.49,2026-09-18,152878.0,124100,128,104
2026-07-21,78,BRAVK23,ON      NM,BRBRAVACNOR3,22.88,0.7,0.0,0.0,0.7,2026-11-19,70.0,100,1,100
2026-07-21,82,BRAVT210,ON      NM,BRBRAVACNOR3,20.88,2.01,1.5,2.3,1.94,2026-08-21,6757.0,3400,27,100
2026-07-21,82,BRAVU202,ON      NM,BRBRAVACNOR3,20.13,1.78,1.44,0.0,1.51,2026-09-18,98479.0,62000,479,103
2026-07-21,78,BRAVI195,ON      NM,BRBRAVACNOR3,19.38,1.35,0.0,1.35,1.24,2026-09-18,92806.0,74600,67,104
2026-07-21,82,BRAVS186W4,ON      NM,BRBRAVACNOR3,18.63,0.01,0.0,0.0,0.01,2026-07-24,1.0,100,1,105
2026-07-21,82,BRAVS196W4,ON      NM,BRBRAVACNOR3,19.63,0.11,0.0,0.2,0.11,2026-07-24,33.0,300,2,105
2026-07-21,82,BRAVS206W4,ON      NM,BRBRAVACNOR3,20.63,0.63,0.0,0.0,0.55,2026-07-24,8365.0,16500,4,105
2026-07-21,82,BRAVS201W4,ON      NM,BRBRAVACNOR3,20.13,0.3,0.0,0.0,0.26,2026-07-24,808.0,3200,4,105
2026-07-21,82,BRAVT148,ON      NM,BRBRAVACNOR3,14.88,0.11,0.03,0.0,0.11,2026-08-21,3377.0,30700,3,105
2026-07-21,82,BRAVU170,ON      NM,BRBRAVACNOR3,16.88,0.49,0.0,0.0,0.4,2026-09-18,3388.0,8200,22,104
2026-07-21,78,BRAVH148,ON      NM,BRBRAVACNOR3,14.88,5.28,0.0,0.0,5.42,2026-08-21,10700.0,2000,3,105
2026-07-21,78,BRAVI21,ON      NM,BRBRAVACNOR3,21.13,0.55,0.0,0.59,0.57,2026-09-18,219.0,400,4,104
2026-07-21,78,BRAVI215,ON      NM,BRBRAVACNOR3,21.38,0.57,0.2,0.0,0.62,2026-09-18,14930.0,25800,27,104
2026-07-21,82,BRAVU180,ON      NM,BRBRAVACNOR3,17.88,0.69,0.1,0.98,0.69,2026-09-18,5920.0,8600,6,104
2026-07-21,82,BRAVT183,ON      NM,BRBRAVACNOR3,18.38,0.7,0.25,1.0,0.57,2026-08-21,97205.0,143900,49,105
2026-07-21,82,BRAVT187,ON      NM,BRBRAVACNOR3,18.63,0.77,0.39,1.47,0.62,2026-08-21,12112.0,17900,117,103
2026-07-21,82,BRAVT200,ON      NM,BRBRAVACNOR3,19.88,1.43,1.31,1.44,1.16,2026-08-21,465270.0,363700,1086,100
2026-07-21,82,BRAVV18,ON      NM,BRBRAVACNOR3,17.88,0.75,0.75,1.98,0.75,2026-10-16,150.0,200,1,100
2026-07-21,78,BRAVH160,ON      NM,BRBRAVACNOR3,15.88,4.36,0.0,0.0,4.47,2026-08-21,133000.0,30000,4,103
2026-07-21,78,BRAVH200,ON      NM,BRBRAVACNOR3,19.88,0.84,0.77,0.92,0.93,2026-08-21,422222.0,487500,1128,100
2026-07-21,82,BRAVT193W1,ON      NM,BRBRAVACNOR3,19.38,0.2,0.0,0.0,0.2,2026-08-07,20.0,100,1,105
2026-07-21,82,BRAVT171W1,ON      NM,BRBRAVACNOR3,17.13,0.34,0.01,0.0,0.24,2026-08-07,58.0,200,2,105
2026-07-21,78,BRAVH175,ON      NM,BRBRAVACNOR3,17.38,2.93,0.0,0.0,2.89,2026-08-21,30252.0,10400,13,103
2026-07-21,78,BRAVH187,ON      NM,BRBRAVACNOR3,18.63,1.48,0.31,1.65,1.57,2026-08-21,520766.0,347600,791,103
2026-07-21,78,BRAVH213,ON      NM,BRBRAVACNOR3,21.38,0.33,0.31,0.4,0.4,2026-08-21,56163.0,170200,146,105
2026-07-21,78,BRAVH203,ON      NM,BRBRAVACNOR3,20.38,0.63,0.59,0.64,0.79,2026-08-21,157086.0,238100,291,105
2026-07-21,82,BRAVU177,ON      NM,BRBRAVACNOR3,17.63,0.61,0.23,1.5,0.62,2026-09-18,609.0,1000,3,103
2026-07-21,82,BRAVU195,ON      NM,BRBRAVACNOR3,19.38,1.35,0.0,0.0,1.32,2026-09-18,3709.0,2800,4,104
2026-07-21,78,BRAVG186W4,ON      NM,BRBRAVACNOR3,18.63,1.59,1.48,1.6,1.5,2026-07-24,31179.0,18500,113,105
2026-07-21,78,BRAVK201,ON      NM,BRBRAVACNOR3,20.13,1.71,0.0,0.0,1.71,2026-11-19,4104.0,2400,1,105
2026-07-21,82,BRAVV183,ON      NM,BRBRAVACNOR3,18.38,1.0,0.9,0.0,0.95,2026-10-16,482.0,500,4,105
2026-07-21,78,BRAVH183,ON      NM,BRBRAVACNOR3,18.38,1.78,0.0,0.0,1.96,2026-08-21,422305.0,231200,244,105
2026-07-21,78,BRAVH236,ON      NM,BRBRAVACNOR3,23.63,0.06,0.04,0.2,0.07,2026-08-21,375.0,5400,11,105
2026-07-21,82,BRAVT151,ON      NM,BRBRAVACNOR3,15.13,0.14,0.0,0.0,0.14,2026-08-21,112.0,800,1,105
2026-07-21,82,BRAVT160,ON      NM,BRBRAVACNOR3,15.88,0.19,0.08,0.21,0.16,2026-08-21,133709.0,706100,44,103
2026-07-21,82,BRAVT165,ON      NM,BRBRAVACNOR3,16.38,0.21,0.13,0.27,0.22,2026-08-21,1803.0,8200,3,103
2026-07-22,78,BRAVI23,ON      NM,BRBRAVACNOR3,22.88,0.27,0.0,0.0,0.27,2026-09-18,1647.0,6100,8,100
2026-07-22,82,BRAVT180,ON      NM,BRBRAVACNOR3,17.88,0.5,0.45,0.64,0.38,2026-08-21,119421.0,297100,73,100
2026-07-22,82,BRAVX13,ON      NM,BRBRAVACNOR3,12.88,0.11,0.0,0.0,0.11,2026-12-18,22.0,200,2,103
2026-07-22,82,BRAVT120,ON      NM,BRBRAVACNOR3,11.88,0.04,0.0,0.05,0.04,2026-08-21,194.0,4100,7,103
2026-07-22,82,BRAVX150,ON      NM,BRBRAVACNOR3,14.88,0.3,0.0,0.0,0.3,2027-12-17,30.0,100,1,103
2026-07-22,78,BRAVI197,ON      NM,BRBRAVACNOR3,19.63,1.2,1.2,0.0,1.15,2026-09-18,10513.0,9000,8,104
2026-07-22,78,BRAVI22,ON      NM,BRBRAVACNOR3,22.13,0.45,0.37,0.48,0.4,2026-09-18,1373.0,3100,6,104
2026-07-22,78,BRAVI225,ON      NM,BRBRAVACNOR3,22.38,0.42,0.0,0.46,0.4,2026-09-18,82.0,200,2,104
2026-07-22,78,BRAVI227,ON      NM,BRBRAVACNOR3,22.63,0.3,0.0,0.0,0.3,2026-09-18,60.0,200,1,104
2026-07-22,82,BRAVT145,ON      NM,BRBRAVACNOR3,14.38,0.11,0.03,0.14,0.1,2026-08-21,430.0,4000,2,104
2026-07-22,82,BRAVU135,ON      NM,BRBRAVACNOR3,13.38,0.1,0.0,0.0,0.1,2026-09-18,500.0,5000,1,104
2026-07-22,82,BRAVU190,ON      NM,BRBRAVACNOR3,18.88,1.05,0.69,1.19,0.99,2026-09-18,2583.0,2600,7,104
2026-07-22,82,BRAVU192,ON      NM,BRBRAVACNOR3,19.13,1.03,0.0,0.0,1.03,2026-09-18,103.0,100,1,104
2026-07-22,82,BRAVU197,ON      NM,BRBRAVACNOR3,19.63,1.29,0.0,3.0,1.29,2026-09-18,12900.0,10000,3,104
2026-07-22,82,BRAVU200,ON      NM,BRBRAVACNOR3,19.88,1.43,1.1,1.62,1.35,2026-09-18,13793.0,9600,13,104
2026-07-22,82,BRAVT213,ON      NM,BRBRAVACNOR3,21.38,2.26,0.0,0.0,2.21,2026-08-21,33875.0,15600,16,105
2026-07-22,82,BRAVT193,ON      NM,BRBRAVACNOR3,19.38,1.02,0.6,1.02,0.96,2026-08-21,13288.0,13200,48,105
2026-07-22,78,BRAVH170,ON      NM,BRBRAVACNOR3,16.88,3.5,0.0,4.0,3.5,2026-08-21,245758.0,70200,31,100
2026-07-22,78,BRAVH190,ON      NM,BRBRAVACNOR3,18.88,1.57,1.69,1.77,1.51,2026-08-21,178264.0,109400,173,100
2026-07-22,78,BRAVH210,ON      NM,BRBRAVACNOR3,20.88,0.57,0.49,0.6,0.47,2026-08-21,106134.0,208900,69,100
2026-07-22,78,BRAVH230,ON      NM,BRBRAVACNOR3,22.88,0.12,0.12,0.15,0.14,2026-08-21,8337.0,59200,29,100
2026-07-22,78,BRAVJ18,ON      NM,BRBRAVACNOR3,17.88,2.83,0.0,3.6,2.83,2026-10-16,283.0,100,1,100
2026-07-22,78,BRAVJ20,ON      NM,BRBRAVACNOR3,19.88,1.66,1.3,2.5,1.6,2026-10-16,3480.0,2100,2,100
2026-07-22,78,BRAVJ23,ON      NM,BRBRAVACNOR3,22.88,0.42,0.06,2.8,0.42,2026-10-16,2100.0,5000,2,100
2026-07-22,82,BRAVT170,ON      NM,BRBRAVACNOR3,16.88,0.28,0.21,0.28,0.22,2026-08-21,7119.0,25300,19,100
2026-07-22,82,BRAVX330,ON      NM,BRBRAVACNOR3,32.88,12.25,0.0,0.0,12.25,2026-12-18,12250.0,1000,1,100
2026-07-22,78,BRAVL30,ON      NM,BRBRAVACNOR3,29.88,0.24,0.0,0.94,0.24,2026-12-18,72.0,300,1,103
2026-07-22,78,BRAVH120,ON      NM,BRBRAVACNOR3,11.88,8.45,0.0,0.0,8.59,2026-08-21,43707.0,5100,17,103
2026-07-22,82,BRAVT175,ON      NM,BRBRAVACNOR3,17.38,0.37,0.26,0.65,0.3,2026-08-21,12200.0,28300,16,103
2026-07-22,82,BRAVU225,ON      NM,BRBRAVACNOR3,22.38,3.07,0.0,0.0,3.07,2026-09-18,307.0,100,1,104
2026-07-22,78,BRAVH231,ON      NM,BRBRAVACNOR3,23.13,0.11,0.08,0.12,0.09,2026-08-21,10746.0,105000,104,105
2026-07-22,78,BRAVH133,ON      NM,BRBRAVACNOR3,13.38,6.91,0.0,0.0,7.0,2026-08-21,42100.0,6000,7,105
2026-07-22,78,BRAVH241,ON      NM,BRBRAVACNOR3,24.13,0.07,0.0,0.07,0.07,2026-08-21,1127.0,16100,4,105
2026-07-22,78,BRAVH213W4,ON      NM,BRBRAVACNOR3,21.38,0.2,0.0,0.0,0.2,2026-08-28,440.0,2200,1,105
2026-07-22,78,BRAVG186W5,ON      NM,BRBRAVACNOR3,18.63,1.8,1.33,0.0,1.89,2026-07-31,737.0,400,4,105
2026-07-22,82,BRAVT181,ON      NM,BRBRAVACNOR3,18.13,0.64,0.3,1.0,0.5,2026-08-21,119112.0,204400,33,105
2026-07-22,82,BRAVS203W4,ON      NM,BRBRAVACNOR3,20.38,0.25,0.0,0.5,0.31,2026-07-24,955.0,3100,2,105
2026-07-22,82,BRAVS198W4,ON      NM,BRBRAVACNOR3,19.88,0.17,0.01,0.25,0.17,2026-07-24,340.0,2000,1,105
2026-07-22,82,BRAVS183W5,ON      NM,BRBRAVACNOR3,18.38,0.06,0.0,0.6,0.06,2026-07-31,6.0,100,1,105
2026-07-22,82,BRAVS198W5,ON      NM,BRBRAVACNOR3,19.88,0.32,0.0,0.0,0.28,2026-07-31,264.0,900,8,105
2026-07-22,78,BRAVH180,ON      NM,BRBRAVACNOR3,17.88,2.5,1.78,3.0,2.55,2026-08-21,129917.0,51900,3,100
2026-07-22,82,BRAVT220,ON      NM,BRBRAVACNOR3,21.88,2.61,2.21,0.0,2.53,2026-08-21,21026.0,8300,3,100
2026-07-22,82,BRAVT230,ON      NM,BRBRAVACNOR3,22.88,3.47,3.01,3.5,3.49,2026-08-21,119507.0,34400,22,100
2026-07-22,82,BRAVV21,ON      NM,BRBRAVACNOR3,20.88,2.14,0.0,0.0,1.9,2026-10-16,404.0,200,2,100
2026-07-22,82,BRAVV23,ON      NM,BRBRAVACNOR3,22.88,3.64,0.51,0.0,3.65,2026-10-16,3641.0,1000,2,100
2026-07-22,78,BRAVI209,ON      NM,BRBRAVACNOR3,20.88,0.8,0.75,0.89,0.8,2026-09-18,14808.0,18600,127,103
2026-07-22,82,BRAVX180,ON      NM,BRBRAVACNOR3,17.88,1.83,1.6,1.83,1.66,2027-12-17,10023.0,6100,6,103
2026-07-22,82,BRAVU185,ON      NM,BRBRAVACNOR3,18.38,0.78,0.18,1.4,0.77,2026-09-18,313.0,400,4,103
2026-07-22,78,BRAVI187,ON      NM,BRBRAVACNOR3,18.63,1.85,1.7,1.86,1.73,2026-09-18,6643.0,3700,25,104
2026-07-22,78,BRAVI207,ON      NM,BRBRAVACNOR3,20.63,0.79,0.0,0.9,0.8,2026-09-18,1036.0,1300,5,104
2026-07-22,78,BRAVH216,ON      NM,BRBRAVACNOR3,21.63,0.3,0.27,1.0,0.26,2026-08-21,13355.0,44100,23,105
2026-07-22,78,BRAVH211,ON      NM,BRBRAVACNOR3,21.13,0.48,0.14,0.5,0.48,2026-08-21,8625.0,22800,15,105
2026-07-22,78,BRAVH178W1,ON      NM,BRBRAVACNOR3,17.88,2.5,0.0,0.0,2.52,2026-08-07,201327.0,80200,61,105
2026-07-22,78,BRAVH193,ON      NM,BRBRAVACNOR3,19.38,1.29,0.38,1.33,1.3,2026-08-21,15173.0,11700,18,105
2026-07-22,78,BRAVH223,ON      NM,BRBRAVACNOR3,22.38,0.18,0.0,0.0,0.18,2026-08-21,3080.0,16000,5,105
2026-07-22,78,BRAVH233,ON      NM,BRBRAVACNOR3,23.38,0.09,0.08,0.1,0.09,2026-08-21,194.0,2100,9,105
2026-07-22,78,BRAVH253,ON      NM,BRBRAVACNOR3,25.38,0.02,0.02,0.22,0.02,2026-08-21,36.0,1500,7,105
2026-07-22,78,BRAVH268,ON      NM,BRBRAVACNOR3,26.88,0.03,0.0,0.0,0.03,2026-08-21,270.0,9000,1,105
2026-07-22,78,BRAVG213W5,ON      NM,BRBRAVACNOR3,21.38,0.16,0.0,0.0,0.16,2026-07-31,16.0,100,1,105
2026-07-22,78,BRAVG203W5,ON      NM,BRBRAVACNOR3,20.38,0.4,0.0,1.07,0.4,2026-07-31,80.0,200,1,105
2026-07-22,78,BRAVG208W5,ON      NM,BRBRAVACNOR3,20.88,0.29,0.0,0.0,0.25,2026-07-31,608.0,2100,12,105
2026-07-22,82,BRAVT231,ON      NM,BRBRAVACNOR3,23.13,3.65,2.99,0.0,3.63,2026-08-21,120984.0,32600,69,105
2026-07-22,82,BRAVS188W4,ON      NM,BRBRAVACNOR3,18.88,0.01,0.0,0.0,0.02,2026-07-24,11.0,600,3,105
2026-07-22,82,BRAVT133,ON      NM,BRBRAVACNOR3,13.38,0.05,0.01,0.1,0.04,2026-08-21,591.0,10500,18,105
2026-07-22,82,BRAVT203,ON      NM,BRBRAVACNOR3,20.38,1.47,0.9,2.0,1.3,2026-08-21,90111.0,58500,31,105
2026-07-22,78,BRAVI247,ON      NM,BRBRAVACNOR3,24.63,0.11,0.0,0.0,0.11,2026-09-18,11.0,100,1,104
2026-07-22,82,BRAVT243,ON      NM,BRBRAVACNOR3,24.38,4.74,0.0,0.0,4.77,2026-08-21,112115.0,22800,28,105
2026-07-22,82,BRAVT136,ON      NM,BRBRAVACNOR3,13.63,0.1,0.0,0.1,0.06,2026-08-21,419.0,5100,7,105
2026-07-22,82,BRAVU152,ON      NM,BRBRAVACNOR3,15.13,0.2,0.0,0.4,0.2,2026-09-18,20.0,100,1,104
2026-07-22,82,BRAVU160,ON      NM,BRBRAVACNOR3,15.88,0.31,0.0,0.0,0.31,2026-09-18,3100.0,10000,1,104
2026-07-22,78,BRAVG206W4,ON      NM,BRBRAVACNOR3,20.63,0.1,0.0,0.35,0.1,2026-07-24,40.0,400,1,105
2026-07-22,78,BRAVG183W4,ON      NM,BRBRAVACNOR3,18.38,1.96,0.0,0.0,2.01,2026-07-24,31368.0,15800,22,105
2026-07-22,78,BRAVH206,ON      NM,BRBRAVACNOR3,20.63,0.6,0.56,0.62,0.65,2026-08-21,10865.0,17800,12,105
2026-07-22,78,BRAVH248,ON      NM,BRBRAVACNOR3,24.88,0.05,0.03,0.1,0.05,2026-08-21,115.0,2300,1,105
2026-07-22,78,BRAVI180,ON      NM,BRBRAVACNOR3,17.88,2.57,0.0,0.0,2.55,2026-09-18,5367.0,2100,17,104
2026-07-22,78,BRAVI175,ON      NM,BRBRAVACNOR3,17.38,3.01,0.0,0.0,3.03,2026-09-18,31805.0,10500,2,104
2026-07-22,78,BRAVI190,ON      NM,BRBRAVACNOR3,18.88,1.84,0.8,2.05,1.81,2026-09-18,736.0,400,4,104
2026-07-22,82,BRAVU215,ON      NM,BRBRAVACNOR3,21.38,2.32,0.0,0.0,2.32,2026-09-18,232.0,100,1,104
2026-07-22,78,BRAVI145,ON      NM,BRBRAVACNOR3,14.38,6.03,0.0,0.0,6.03,2026-09-18,11457.0,1900,2,104
2026-07-22,82,BRAVT190,ON      NM,BRBRAVACNOR3,18.88,0.89,0.8,0.91,0.9,2026-08-21,364085.0,400500,98,100
2026-07-22,78,BRAVH226,ON      NM,BRBRAVACNOR3,22.63,0.16,0.0,0.35,0.13,2026-08-21,922.0,7200,12,105
2026-07-22,78,BRAVH180W2,ON      NM,BRBRAVACNOR3,18.0,2.36,0.0,0.0,2.36,2026-08-14,236.0,100,1,105
2026-07-22,78,BRAVH177W2,ON      NM,BRBRAVACNOR3,17.75,2.47,0.0,0.0,2.47,2026-08-14,247.0,100,1,105
2026-07-22,78,BRAVH182W2,ON      NM,BRBRAVACNOR3,18.25,1.85,0.0,0.0,2.02,2026-08-14,387.0,200,2,105
2026-07-22,78,BRAVH191W1,ON      NM,BRBRAVACNOR3,19.13,1.1,0.0,0.0,1.29,2026-08-07,239.0,200,2,105
2026-07-22,78,BRAVH201W1,ON      NM,BRBRAVACNOR3,20.13,0.65,0.0,0.0,0.79,2026-08-07,144.0,200,2,105
2026-07-22,78,BRAVI237,ON      NM,BRBRAVACNOR3,23.63,0.22,0.0,0.24,0.2,2026-09-18,83.0,400,4,104
2026-07-22,78,BRAVI250,ON      NM,BRBRAVACNOR3,24.88,0.11,0.0,0.12,0.1,2026-09-18,52.0,500,4,104
2026-07-22,78,BRAVI25,ON      NM,BRBRAVACNOR3,25.13,0.09,0.0,0.39,0.09,2026-09-18,9.0,100,1,104
2026-07-22,78,BRAVH173W1,ON      NM,BRBRAVACNOR3,17.38,3.03,0.0,0.0,2.98,2026-08-07,3255859.0,1087700,449,105
2026-07-22,78,BRAVH188W1,ON      NM,BRBRAVACNOR3,18.88,1.74,0.0,0.0,1.49,2026-08-07,323.0,200,2,105
2026-07-22,78,BRAVH183W1,ON      NM,BRBRAVACNOR3,18.38,2.01,0.0,0.0,2.01,2026-08-07,816.0,400,4,105
2026-07-22,78,BRAVH171W1,ON      NM,BRBRAVACNOR3,17.13,2.92,2.92,0.0,2.87,2026-08-07,2923960.0,1007800,356,105
2026-07-22,78,BRAVI192,ON      NM,BRBRAVACNOR3,19.13,1.41,0.0,0.0,1.47,2026-09-18,1344.0,900,5,104
2026-07-22,82,BRAVT210,ON      NM,BRBRAVACNOR3,20.88,1.85,1.45,2.3,1.69,2026-08-21,10912.0,5900,4,100
2026-07-22,82,BRAVU202,ON      NM,BRBRAVACNOR3,20.13,1.6,1.41,1.78,1.52,2026-09-18,472.0,300,2,103
2026-07-22,78,BRAVH181W1,ON      NM,BRBRAVACNOR3,18.13,2.03,0.0,0.0,1.95,2026-08-07,41132.0,20400,18,105
2026-07-22,78,BRAVH176W1,ON      NM,BRBRAVACNOR3,17.63,2.54,0.0,0.0,2.52,2026-08-07,456697.0,184200,55,105
2026-07-22,78,BRAVI200,ON      NM,BRBRAVACNOR3,19.88,1.25,1.2,1.67,1.29,2026-09-18,753.0,600,3,104
2026-07-22,78,BRAVI205,ON      NM,BRBRAVACNOR3,20.38,1.01,0.94,1.25,0.9,2026-09-18,2491.0,2600,15,104
2026-07-22,78,BRAVK189,ON      NM,BRBRAVACNOR3,18.88,4.25,0.0,0.0,4.25,2027-11-19,425.0,100,1,103
2026-07-22,78,BRAVH220,ON      NM,BRBRAVACNOR3,21.88,0.26,0.2,0.28,0.28,2026-08-21,22734.0,93900,9,100
2026-07-22,78,BRAVI202,ON      NM,BRBRAVACNOR3,20.13,1.1,0.92,1.1,1.0,2026-09-18,8652.0,8500,26,103
2026-07-22,82,BRAVT148,ON      NM,BRBRAVACNOR3,14.88,0.17,0.03,0.0,0.17,2026-08-21,1700.0,10000,1,105
2026-07-22,82,BRAVS206W4,ON      NM,BRBRAVACNOR3,20.63,0.4,0.0,0.0,0.4,2026-07-24,40.0,100,1,105
2026-07-22,82,BRAVS201W4,ON      NM,BRBRAVACNOR3,20.13,0.2,0.0,0.2,0.2,2026-07-24,600.0,3000,1,105
2026-07-22,78,BRAVI21,ON      NM,BRBRAVACNOR3,21.13,0.71,0.0,0.72,0.67,2026-09-18,276.0,400,4,104
2026-07-22,78,BRAVI215,ON      NM,BRBRAVACNOR3,21.38,0.69,0.0,0.7,0.59,2026-09-18,659.0,1100,2,104
2026-07-22,78,BRAVI217,ON      NM,BRBRAVACNOR3,21.63,0.56,0.0,0.0,0.55,2026-09-18,217.0,400,3,104
2026-07-22,78,BRAVI235,ON      NM,BRBRAVACNOR3,23.38,0.3,0.0,0.25,0.3,2026-09-18,300.0,1000,1,104
2026-07-22,82,BRAVU182,ON      NM,BRBRAVACNOR3,18.13,0.77,0.0,0.0,0.74,2026-09-18,26189.0,35000,28,104
2026-07-22,82,BRAVT183,ON      NM,BRBRAVACNOR3,18.38,0.62,0.25,1.0,0.6,2026-08-21,171475.0,254300,78,105
2026-07-22,82,BRAVT187,ON      NM,BRBRAVACNOR3,18.63,0.68,0.39,1.47,0.7,2026-08-21,232323.0,305800,107,103
2026-07-22,82,BRAVT200,ON      NM,BRBRAVACNOR3,19.88,1.24,1.11,1.25,1.03,2026-08-21,120477.0,101900,192,100
2026-07-22,78,BRAVH160,ON      NM,BRBRAVACNOR3,15.88,4.55,0.0,0.0,4.55,2026-08-21,133365.0,30300,5,103
2026-07-22,78,BRAVH200,ON      NM,BRBRAVACNOR3,19.88,1.11,0.7,1.12,0.93,2026-08-21,107335.0,113800,106,100
2026-07-22,78,BRAVH175,ON      NM,BRBRAVACNOR3,17.38,3.0,0.0,0.0,3.0,2026-08-21,150000.0,50000,1,103
2026-07-22,78,BRAVH187,ON      NM,BRBRAVACNOR3,18.63,1.7,1.36,1.75,1.56,2026-08-21,296537.0,186100,89,103
2026-07-22,78,BRAVH213,ON      NM,BRBRAVACNOR3,21.38,0.39,0.08,0.42,0.33,2026-08-21,162563.0,419300,45,105
2026-07-22,82,BRAVT201W1,ON      NM,BRBRAVACNOR3,20.13,0.9,0.0,0.0,0.37,2026-08-07,127.0,200,2,105
2026-07-22,78,BRAVG178W5,ON      NM,BRBRAVACNOR3,17.88,2.54,0.0,0.0,2.32,2026-07-31,986.0,400,4,105
2026-07-22,78,BRAVG186W4,ON      NM,BRBRAVACNOR3,18.63,1.76,1.67,1.82,1.72,2026-07-24,15780.0,9000,16,105
2026-07-22,78,BRAVH203,ON      NM,BRBRAVACNOR3,20.38,0.75,0.76,0.79,0.57,2026-08-21,179202.0,255800,78,105
2026-07-22,82,BRAVU187,ON      NM,BRBRAVACNOR3,18.63,0.84,0.29,0.0,0.91,2026-09-18,20299.0,22500,23,104
2026-07-22,82,BRAVU195,ON      NM,BRBRAVACNOR3,19.38,1.2,0.0,0.0,1.25,2026-09-18,1465.0,1200,3,104
2026-07-22,78,BRAVG176,ON      NM,BRBRAVACNOR3,17.48,4.8,4.8,4.9,4.8,2027-07-16,55176.0,11500,17,102
2026-07-22,82,BRAVU180,ON      NM,BRBRAVACNOR3,17.88,0.75,0.1,0.98,0.67,2026-09-18,16014.0,23800,34,104
2026-07-22,82,BRAVU175,ON      NM,BRBRAVACNOR3,17.38,0.62,0.0,0.0,0.6,2026-09-18,308.0,500,5,104
2026-07-22,78,BRAVI255,ON      NM,BRBRAVACNOR3,25.38,0.09,0.07,0.1,0.09,2026-09-18,130.0,1400,8,104
2026-07-22,78,BRAVJ17,ON      NM,BRBRAVACNOR3,16.88,3.99,0.0,4.1,3.99,2026-10-16,399.0,100,1,100
2026-07-22,82,BRAVT160,ON      NM,BRBRAVACNOR3,15.88,0.21,0.08,0.35,0.2,2026-08-21,13125.0,54000,38,103
2026-07-22,82,BRAVT165,ON      NM,BRBRAVACNOR3,16.38,0.21,0.16,0.38,0.21,2026-08-21,4910.0,21200,15,103
2026-07-22,78,BRAVH183,ON      NM,BRBRAVACNOR3,18.38,2.02,0.0,0.0,2.0,2026-08-21,3236.0,1600,9,105
2026-07-22,78,BRAVH236,ON      NM,BRBRAVACNOR3,23.63,0.07,0.03,0.15,0.07,2026-08-21,1179.0,14400,13,105
2026-07-22,82,BRAVT151,ON      NM,BRBRAVACNOR3,15.13,0.12,0.0,0.0,0.13,2026-08-21,730.0,6000,2,105
2026-07-20,78,BRAVI23,ON      NM,BRBRAVACNOR3,22.88,0.32,0.0,1.0,0.32,2026-09-18,32.0,100,1,100
2026-07-20,82,BRAVT180,ON      NM,BRBRAVACNOR3,17.88,0.48,0.32,0.64,0.38,2026-08-21,57655.0,138600,143,100
2026-07-20,78,BRAVI202,ON      NM,BRBRAVACNOR3,20.13,1.05,0.92,1.1,0.9,2026-09-18,71972.0,70500,532,103
2026-07-20,82,BRAVU202,ON      NM,BRBRAVACNOR3,20.13,1.74,1.55,0.0,1.74,2026-09-18,110626.0,64700,542,103
2026-07-20,82,BRAVU212,ON      NM,BRBRAVACNOR3,21.13,3.02,0.0,0.0,3.02,2027-09-17,302.0,100,1,103
2026-07-20,82,BRAVX13,ON      NM,BRBRAVACNOR3,12.88,0.11,0.0,0.0,0.11,2026-12-18,11.0,100,1,103
2026-07-20,82,BRAVT120,ON      NM,BRBRAVACNOR3,11.88,0.07,0.0,0.08,0.07,2026-08-21,3347.0,50100,444,103
2026-07-20,82,BRAVT372,ON      NM,BRBRAVACNOR3,37.13,17.2,5.88,0.0,17.23,2026-08-21,13772.0,800,3,103
2026-07-20,78,BRAVI220,ON      NM,BRBRAVACNOR3,21.88,0.49,0.0,0.0,0.45,2026-09-18,1560.0,3200,2,104
2026-07-20,78,BRAVI22,ON      NM,BRBRAVACNOR3,22.13,0.4,0.35,0.46,0.42,2026-09-18,455.0,1100,6,104
2026-07-20,78,BRAVI231,ON      NM,BRBRAVACNOR3,23.13,0.27,0.0,0.38,0.27,2026-09-18,27.0,100,1,104
2026-07-20,78,BRAVI255,ON      NM,BRBRAVACNOR3,25.38,0.11,0.1,0.12,0.1,2026-09-18,64.0,600,5,104
2026-07-20,82,BRAVT145,ON      NM,BRBRAVACNOR3,14.38,0.08,0.03,0.13,0.08,2026-08-21,2496.0,31200,6,104
2026-07-20,82,BRAVO19,ON      NM,BRBRAVACNOR3,18.88,1.73,0.0,0.0,1.73,2028-03-17,1730.0,1000,1,104
2026-07-20,82,BRAVU142,ON      NM,BRBRAVACNOR3,14.13,0.08,0.03,0.13,0.07,2026-09-18,67.0,600,6,104
2026-07-20,82,BRAVU190,ON      NM,BRBRAVACNOR3,18.88,1.09,0.48,1.11,1.09,2026-09-18,3201.0,3100,17,104
2026-07-20,82,BRAVU192,ON      NM,BRBRAVACNOR3,19.13,1.04,0.0,0.0,0.95,2026-09-18,1167.0,1100,11,104
2026-07-20,82,BRAVU200,ON      NM,BRBRAVACNOR3,19.88,1.48,1.35,0.0,1.55,2026-09-18,5909.0,4000,15,104
2026-07-20,82,BRAVT216,ON      NM,BRBRAVACNOR3,21.63,2.29,0.0,0.0,2.29,2026-08-21,9160.0,4000,1,105
2026-07-20,82,BRAVU103,ON      NM,BRBRAVACNOR3,10.38,0.09,0.0,0.0,0.08,2026-09-18,2730.0,31000,310,105
2026-07-20,82,BRAVT213,ON      NM,BRBRAVACNOR3,21.38,2.3,0.0,0.0,2.1,2026-08-21,176990.0,83900,249,105
2026-07-20,82,BRAVT193,ON      NM,BRBRAVACNOR3,19.38,0.95,0.9,0.0,0.92,2026-08-21,26747.0,30900,36,105
2026-07-20,78,BRAVH190,ON      NM,BRBRAVACNOR3,18.88,1.41,0.57,1.65,1.4,2026-08-21,1559478.0,1103800,560,100
2026-07-20,78,BRAVH210,ON      NM,BRBRAVACNOR3,20.88,0.47,0.03,0.51,0.51,2026-08-21,15133.0,28500,48,100
2026-07-20,78,BRAVH220,ON      NM,BRBRAVACNOR3,21.88,0.24,0.23,0.32,0.29,2026-08-21,4904.0,18100,23,100
2026-07-20,78,BRAVH230,ON      NM,BRBRAVACNOR3,22.88,0.14,0.13,0.15,0.14,2026-08-21,6662.0,43800,19,100
2026-07-20,78,BRAVJ20,ON      NM,BRBRAVACNOR3,19.88,1.3,1.18,2.5,1.13,2026-10-16,243.0,200,2,100
2026-07-20,78,BRAVJ23,ON      NM,BRBRAVACNOR3,22.88,0.4,0.06,2.8,0.4,2026-10-16,40.0,100,1,100
2026-07-20,78,BRAVK23,ON      NM,BRBRAVACNOR3,22.88,0.8,0.5,0.0,0.8,2026-11-19,80.0,100,1,100
2026-07-20,82,BRAVT170,ON      NM,BRBRAVACNOR3,16.88,0.28,0.21,0.3,0.21,2026-08-21,20459.0,86100,142,100
2026-07-20,82,BRAVV20,ON      NM,BRBRAVACNOR3,19.88,1.65,1.52,0.0,1.65,2026-10-16,165.0,100,1,100
2026-07-20,82,BRAVU23,ON      NM,BRBRAVACNOR3,22.88,3.74,0.0,0.0,3.84,2026-09-18,1148.0,300,3,100
2026-07-20,78,BRAVH120,ON      NM,BRBRAVACNOR3,11.88,8.03,0.0,0.0,8.0,2026-08-21,243064.0,30300,303,103
2026-07-20,82,BRAVT175,ON      NM,BRBRAVACNOR3,17.38,0.36,0.25,0.39,0.27,2026-08-21,9875.0,31800,46,103
2026-07-20,78,BRAVJ222,ON      NM,BRBRAVACNOR3,22.13,0.5,0.5,0.0,0.52,2026-10-16,102.0,200,2,104
2026-07-20,78,BRAVL202,ON      NM,BRBRAVACNOR3,20.13,1.7,1.1,3.0,1.91,2026-12-18,361.0,200,2,104
2026-07-20,78,BRAVI152,ON      NM,BRBRAVACNOR3,15.13,4.72,0.0,0.0,4.72,2026-09-18,472.0,100,1,104
2026-07-20,78,BRAVH231,ON      NM,BRBRAVACNOR3,23.13,0.12,0.08,0.14,0.11,2026-08-21,10568.0,80400,88,105
2026-07-20,78,BRAVH133,ON      NM,BRBRAVACNOR3,13.38,6.58,0.0,0.0,6.58,2026-08-21,658.0,100,1,105
2026-07-20,78,BRAVH241,ON      NM,BRBRAVACNOR3,24.13,0.06,0.03,0.08,0.07,2026-08-21,102.0,1600,3,105
2026-07-20,82,BRAVT181,ON      NM,BRBRAVACNOR3,18.13,0.54,0.38,1.0,0.41,2026-08-21,6491.0,14100,28,105
2026-07-20,82,BRAVS198W4,ON      NM,BRBRAVACNOR3,19.88,0.28,0.22,0.52,0.4,2026-07-24,1352.0,3900,11,105
2026-07-20,78,BRAVH180,ON      NM,BRBRAVACNOR3,17.88,2.22,0.27,2.4,2.25,2026-08-21,10178.0,4600,19,100
2026-07-20,82,BRAVT210,ON      NM,BRBRAVACNOR3,20.88,1.79,1.33,0.0,1.79,2026-08-21,1790.0,1000,1,100
2026-07-20,82,BRAVT220,ON      NM,BRBRAVACNOR3,21.88,2.22,2.21,0.0,2.86,2026-08-21,25721.0,10600,11,100
2026-07-20,82,BRAVT230,ON      NM,BRBRAVACNOR3,22.88,3.31,3.01,0.0,3.31,2026-08-21,331.0,100,1,100
2026-07-20,82,BRAVV17,ON      NM,BRBRAVACNOR3,16.88,0.4,0.4,1.0,0.4,2026-10-16,40.0,100,1,100
2026-07-20,82,BRAVV21,ON      NM,BRBRAVACNOR3,20.88,1.9,1.88,0.0,1.9,2026-10-16,1900.0,1000,1,100
2026-07-20,82,BRAVV130,ON      NM,BRBRAVACNOR3,12.88,0.05,0.05,0.0,0.17,2026-10-16,22.0,200,2,103
2026-07-20,82,BRAVX180,ON      NM,BRBRAVACNOR3,17.88,1.75,1.65,1.93,1.75,2027-12-17,175.0,100,1,103
2026-07-20,82,BRAVX200,ON      NM,BRBRAVACNOR3,19.88,2.58,2.22,2.88,2.5,2027-12-17,14772.0,5800,4,103
2026-07-20,82,BRAVU257,ON      NM,BRBRAVACNOR3,25.63,6.28,0.0,0.0,6.27,2026-09-18,8142.0,1300,12,103
2026-07-20,82,BRAVU185,ON      NM,BRBRAVACNOR3,18.38,0.79,0.18,1.2,0.87,2026-09-18,3241.0,3900,12,103
2026-07-20,78,BRAVH145,ON      NM,BRBRAVACNOR3,14.38,5.58,0.0,0.0,5.57,2026-08-21,1115.0,200,2,104
2026-07-20,78,BRAVI187,ON      NM,BRBRAVACNOR3,18.63,1.78,0.0,0.0,1.91,2026-09-18,62862.0,35600,324,104
2026-07-20,82,BRAVU167,ON      NM,BRBRAVACNOR3,16.63,0.38,0.09,0.5,0.23,2026-09-18,534.0,1800,2,104
2026-07-20,78,BRAVH216,ON      NM,BRBRAVACNOR3,21.63,0.31,0.0,0.33,0.55,2026-08-21,13119.0,42500,28,105
2026-07-20,78,BRAVI103,ON      NM,BRBRAVACNOR3,10.38,9.5,0.0,0.0,9.51,2026-09-18,289373.0,30600,306,105
2026-07-20,78,BRAVH211,ON      NM,BRBRAVACNOR3,21.13,0.44,0.14,0.42,0.55,2026-08-21,15451.0,33500,22,105
2026-07-20,78,BRAVJ163,ON      NM,BRBRAVACNOR3,16.38,4.0,0.0,0.0,4.0,2026-10-16,400.0,100,1,105
2026-07-20,78,BRAVL208,ON      NM,BRBRAVACNOR3,20.88,1.42,0.0,0.0,1.63,2026-12-18,305.0,200,2,105
2026-07-20,78,BRAVG203W4,ON      NM,BRBRAVACNOR3,20.38,0.23,0.12,0.23,0.25,2026-07-24,9997.0,43200,20,105
2026-07-20,78,BRAVH193,ON      NM,BRBRAVACNOR3,19.38,1.26,0.38,1.3,0.95,2026-08-21,23976.0,19600,48,105
2026-07-20,78,BRAVH223,ON      NM,BRBRAVACNOR3,22.38,0.18,0.0,0.2,0.27,2026-08-21,3246.0,14800,12,105
2026-07-20,78,BRAVH238,ON      NM,BRBRAVACNOR3,23.88,0.15,0.03,0.1,0.15,2026-08-21,15.0,100,1,105
2026-07-20,78,BRAVH233,ON      NM,BRBRAVACNOR3,23.38,0.09,0.08,0.11,0.13,2026-08-21,4414.0,42900,13,105
2026-07-20,78,BRAVH243,ON      NM,BRBRAVACNOR3,24.38,0.07,0.04,0.13,0.07,2026-08-21,352.0,4200,4,105
2026-07-20,78,BRAVH253,ON      NM,BRBRAVACNOR3,25.38,0.02,0.02,0.04,0.02,2026-08-21,14.0,700,4,105
2026-07-20,78,BRAVG203W5,ON      NM,BRBRAVACNOR3,20.38,0.3,0.3,0.0,0.3,2026-07-31,304.0,1000,10,105
2026-07-20,78,BRAVG208W5,ON      NM,BRBRAVACNOR3,20.88,0.2,0.0,0.2,0.21,2026-07-31,41.0,200,2,105
2026-07-20,82,BRAVS178W4,ON      NM,BRBRAVACNOR3,17.88,0.05,0.0,0.01,0.05,2026-07-24,5.0,100,1,105
2026-07-20,82,BRAVS193W4,ON      NM,BRBRAVACNOR3,19.38,0.22,0.0,0.3,0.27,2026-07-24,6820.0,30300,16,105
2026-07-20,82,BRAVS188W4,ON      NM,BRBRAVACNOR3,18.88,0.03,0.01,0.0,0.03,2026-07-24,30.0,1000,1,105
2026-07-20,82,BRAVT203,ON      NM,BRBRAVACNOR3,20.38,1.4,1.3,0.0,1.48,2026-08-21,8825.0,6400,10,105
2026-07-20,82,BRAVT153,ON      NM,BRBRAVACNOR3,15.38,0.1,0.04,0.3,0.1,2026-08-21,200.0,2000,1,105
2026-07-20,82,BRAVT133,ON      NM,BRBRAVACNOR3,13.38,0.07,0.01,0.08,0.08,2026-08-21,224.0,3200,4,105
2026-07-20,82,BRAVT206,ON      NM,BRBRAVACNOR3,20.63,1.56,0.99,0.0,1.6,2026-08-21,8661.0,5500,23,105
2026-07-20,78,BRAVI237,ON      NM,BRBRAVACNOR3,23.63,0.23,0.0,0.23,0.22,2026-09-18,90.0,400,4,104
2026-07-20,78,BRAVI250,ON      NM,BRBRAVACNOR3,24.88,0.12,0.0,0.13,0.12,2026-09-18,36.0,300,2,104
2026-07-20,82,BRAVT243,ON      NM,BRBRAVACNOR3,24.38,4.92,4.61,0.0,4.57,2026-08-21,5062.0,1100,3,105
2026-07-20,82,BRAVU145,ON      NM,BRBRAVACNOR3,14.38,0.16,0.0,0.0,0.18,2026-09-18,9256.0,69200,505,104
2026-07-20,78,BRAVG191W4,ON      NM,BRBRAVACNOR3,19.13,0.85,0.0,0.0,0.85,2026-07-24,85.0,100,1,105
2026-07-20,78,BRAVG206W4,ON      NM,BRBRAVACNOR3,20.63,0.14,0.0,0.19,0.14,2026-07-24,340.0,2500,3,105
2026-07-20,78,BRAVG201W4,ON      NM,BRBRAVACNOR3,20.13,0.18,0.17,0.51,0.23,2026-07-24,41.0,200,2,105
2026-07-20,78,BRAVH206,ON      NM,BRBRAVACNOR3,20.63,0.59,0.48,0.66,0.64,2026-08-21,41515.0,69000,86,105
2026-07-20,78,BRAVH226,ON      NM,BRBRAVACNOR3,22.63,0.14,0.1,0.17,0.22,2026-08-21,442.0,3100,3,105
2026-07-20,78,BRAVH248,ON      NM,BRBRAVACNOR3,24.88,0.04,0.03,0.05,0.05,2026-08-21,416.0,6300,6,105
2026-07-20,78,BRAVI190,ON      NM,BRBRAVACNOR3,18.88,1.72,0.8,0.0,1.66,2026-09-18,19119.0,11600,28,104
2026-07-20,78,BRAVI192,ON      NM,BRBRAVACNOR3,19.13,1.5,0.0,0.0,1.4,2026-09-18,1626.0,1100,11,104
2026-07-20,78,BRAVI195,ON      NM,BRBRAVACNOR3,19.38,1.51,0.0,0.0,1.49,2026-09-18,1662.0,1100,11,104
2026-07-20,78,BRAVI200,ON      NM,BRBRAVACNOR3,19.88,1.2,0.93,1.67,1.18,2026-09-18,4117.0,3400,18,104
2026-07-20,78,BRAVI205,ON      NM,BRBRAVACNOR3,20.38,0.89,0.7,0.0,1.12,2026-09-18,1770.0,1800,10,104
2026-07-20,82,BRAVU215,ON      NM,BRBRAVACNOR3,21.38,2.37,0.0,0.0,2.52,2026-09-18,14931.0,6000,17,104
2026-07-20,82,BRAVU24,ON      NM,BRBRAVACNOR3,24.13,4.76,0.0,0.0,4.76,2026-09-18,476.0,100,1,104
2026-07-20,78,BRAVI145,ON      NM,BRBRAVACNOR3,14.38,5.54,0.0,5.47,5.39,2026-09-18,324486.0,58800,495,104
2026-07-20,78,BRAVI142,ON      NM,BRBRAVACNOR3,14.13,5.5,0.0,0.0,5.5,2026-09-18,1100.0,200,2,104
2026-07-20,82,BRAVT190,ON      NM,BRBRAVACNOR3,18.88,0.81,0.6,0.82,0.72,2026-08-21,229174.0,325700,608,100
2026-07-20,82,BRAVU318,ON      NM,BRBRAVACNOR3,31.88,12.13,0.0,0.0,12.13,2026-09-18,109170.0,9000,2,105
2026-07-20,82,BRAVU170,ON      NM,BRBRAVACNOR3,16.88,0.42,0.37,0.0,0.43,2026-09-18,1613.0,4100,5,104
2026-07-20,82,BRAVS186W4,ON      NM,BRBRAVACNOR3,18.63,0.01,0.0,0.0,0.01,2026-07-24,10.0,1000,1,105
2026-07-20,78,BRAVI215,ON      NM,BRBRAVACNOR3,21.38,0.65,0.0,0.0,0.58,2026-09-18,1862.0,3100,11,104
2026-07-20,78,BRAVI217,ON      NM,BRBRAVACNOR3,21.63,0.55,0.0,2.01,0.58,2026-09-18,1256.0,2300,15,104
2026-07-20,78,BRAVI235,ON      NM,BRBRAVACNOR3,23.38,0.27,0.0,0.28,0.26,2026-09-18,463.0,1800,10,104
2026-07-20,82,BRAVU180,ON      NM,BRBRAVACNOR3,17.88,0.67,0.1,0.69,0.55,2026-09-18,5429.0,8100,10,104
2026-07-20,82,BRAVU175,ON      NM,BRBRAVACNOR3,17.38,0.54,0.0,0.0,0.51,2026-09-18,1800.0,3500,10,104
2026-07-20,82,BRAVM261,ON      NM,BRBRAVACNOR3,26.13,6.5,0.0,0.0,6.5,2027-01-15,3250.0,500,1,105
2026-07-20,82,BRAVT183,ON      NM,BRBRAVACNOR3,18.38,0.77,0.0,1.0,0.55,2026-08-21,809561.0,1069200,40,105
2026-07-20,82,BRAVT187,ON      NM,BRBRAVACNOR3,18.63,0.6,0.39,1.47,0.58,2026-08-21,3946.0,6700,16,103
2026-07-20,82,BRAVT200,ON      NM,BRBRAVACNOR3,19.88,1.32,1.18,1.38,1.2,2026-08-21,76722.0,67200,102,100
2026-07-20,78,BRAVH200,ON      NM,BRBRAVACNOR3,19.88,0.97,0.83,0.98,0.92,2026-08-21,46867.0,50600,64,100
2026-07-20,78,BRAVH175,ON      NM,BRBRAVACNOR3,17.38,2.61,0.0,0.0,2.61,2026-08-21,1833.0,700,7,103
2026-07-20,78,BRAVH187,ON      NM,BRBRAVACNOR3,18.63,1.39,1.24,1.39,1.5,2026-08-21,261582.0,164800,125,103
2026-07-20,78,BRAVH213,ON      NM,BRBRAVACNOR3,21.38,0.39,0.33,0.41,0.4,2026-08-21,59763.0,152500,202,105
2026-07-20,78,BRAVG186W4,ON      NM,BRBRAVACNOR3,18.63,1.37,1.24,1.38,1.22,2026-07-24,5322.0,3900,33,105
2026-07-20,78,BRAVB229,ON      NM,BRBRAVACNOR3,22.88,1.27,0.44,4.26,1.27,2027-02-19,2540.0,2000,1,100
2026-07-20,78,BRAVH203,ON      NM,BRBRAVACNOR3,20.38,0.72,0.72,0.77,0.64,2026-08-21,73639.0,92800,73,105
2026-07-20,82,BRAVU187,ON      NM,BRBRAVACNOR3,18.63,0.91,0.29,0.0,0.9,2026-09-18,41198.0,45000,372,104
2026-07-20,82,BRAVU195,ON      NM,BRBRAVACNOR3,19.38,1.19,0.0,1.35,1.05,2026-09-18,3003.0,2600,14,104
2026-07-20,82,BRAVU205,ON      NM,BRBRAVACNOR3,20.38,1.75,0.0,0.0,1.88,2026-09-18,2457.0,1400,9,104
2026-07-20,82,BRAVT160,ON      NM,BRBRAVACNOR3,15.88,0.16,0.16,0.28,0.13,2026-08-21,44373.0,302100,67,103
2026-07-20,82,BRAVT165,ON      NM,BRBRAVACNOR3,16.38,0.17,0.18,0.52,0.12,2026-08-21,1173.0,6800,7,103
2026-07-20,78,BRAVH183,ON      NM,BRBRAVACNOR3,18.38,1.83,0.0,0.0,1.9,2026-08-21,33961.0,18200,37,105
2026-07-20,78,BRAVH236,ON      NM,BRBRAVACNOR3,23.63,0.09,0.03,0.2,0.1,2026-08-21,1919.0,20300,7,105
2026-07-20,82,BRAVT151,ON      NM,BRBRAVACNOR3,15.13,0.11,0.0,0.0,0.11,2026-08-21,550.0,5000,5,105
2026-07-20,82,BRAVT187W2,ON      NM,BRBRAVACNOR3,18.75,0.15,0.0,0.0,0.15,2026-08-14,15.0,100,1,105
2026-07-24,78,BRAVC19,ON      NM,BRBRAVACNOR3,18.88,5.34,0.0,0.0,5.34,2028-03-17,534.0,100,1,104
2026-07-24,78,BRAVF340,ON      NM,BRBRAVACNOR3,34.0,1.35,0.0,0.0,1.35,2028-06-16,810.0,600,1,105
2026-07-24,78,BRAVG176,ON      NM,BRBRAVACNOR3,17.48,6.19,0.0,6.19,6.19,2027-07-16,619.0,100,1,102
2026-07-24,78,BRAVG178W4,ON      NM,BRBRAVACNOR3,17.88,2.56,0.0,0.0,2.56,2026-07-24,512.0,200,1,105
2026-07-24,78,BRAVG181,ON      NM,BRBRAVACNOR3,17.98,4.3,0.0,0.0,4.3,2027-07-16,1290.0,300,1,102
2026-07-24,78,BRAVG186W4,ON      NM,BRBRAVACNOR3,18.63,1.66,0.0,0.0,1.9,2026-07-24,44474.0,24000,28,105
2026-07-24,78,BRAVG186W5,ON      NM,BRBRAVACNOR3,18.63,1.93,1.78,0.0,1.88,2026-07-31,116718.0,64500,73,105
2026-07-24,78,BRAVG198W4,ON      NM,BRBRAVACNOR3,19.88,0.56,0.0,0.0,0.68,2026-07-24,1713.0,2800,15,105
2026-07-24,78,BRAVG201W4,ON      NM,BRBRAVACNOR3,20.13,0.2,0.0,0.0,0.44,2026-07-24,307.0,1000,9,105
2026-07-24,78,BRAVG203W4,ON      NM,BRBRAVACNOR3,20.38,0.04,0.0,0.0,0.22,2026-07-24,398.0,6300,10,105
2026-07-24,78,BRAVG206W4,ON      NM,BRBRAVACNOR3,20.63,0.05,0.0,0.0,0.12,2026-07-24,207.0,2700,9,105
2026-07-24,78,BRAVG206W5,ON      NM,BRBRAVACNOR3,20.63,0.33,0.0,0.79,0.4,2026-07-31,1026.0,3000,20,105
2026-07-24,78,BRAVG208W5,ON      NM,BRBRAVACNOR3,20.88,0.28,0.0,0.45,0.28,2026-07-31,280.0,1000,1,105
2026-07-24,78,BRAVG211W5,ON      NM,BRBRAVACNOR3,21.13,0.21,0.0,0.0,0.21,2026-07-31,21.0,100,1,105
2026-07-24,78,BRAVG216W5,ON      NM,BRBRAVACNOR3,21.63,0.07,0.0,0.15,0.07,2026-07-31,70.0,1000,1,105
2026-07-24,78,BRAVH120,ON      NM,BRBRAVACNOR3,11.88,8.69,0.0,0.0,8.37,2026-08-21,4878131.0,577400,3580,103
2026-07-24,78,BRAVH133,ON      NM,BRBRAVACNOR3,13.38,6.81,0.0,0.0,6.98,2026-08-21,17187.0,2500,12,105
2026-07-24,78,BRAVH148,ON      NM,BRBRAVACNOR3,14.88,5.44,0.0,0.0,5.55,2026-08-21,11446.0,2100,20,105
2026-07-24,78,BRAVH168W1,ON      NM,BRBRAVACNOR3,16.88,3.33,0.0,0.0,3.67,2026-08-07,482177.0,132900,26,105
2026-07-24,78,BRAVH171W1,ON      NM,BRBRAVACNOR3,17.13,3.06,3.05,0.0,2.95,2026-08-07,15852631.0,5668400,621,105
2026-07-24,78,BRAVH173W1,ON      NM,BRBRAVACNOR3,17.38,3.2,3.2,5.0,3.07,2026-08-07,17295651.0,5878800,2443,105
2026-07-24,78,BRAVH175,ON      NM,BRBRAVACNOR3,17.38,3.15,0.0,0.0,3.22,2026-08-21,637.0,200,2,103
2026-07-24,78,BRAVH176W1,ON      NM,BRBRAVACNOR3,17.63,2.4,0.0,2.55,2.54,2026-08-07,3260722.0,1266000,1843,105
2026-07-24,78,BRAVH178W1,ON      NM,BRBRAVACNOR3,17.88,2.56,0.0,0.0,2.58,2026-08-07,4019660.0,1534800,1841,105
2026-07-24,78,BRAVH180,ON      NM,BRBRAVACNOR3,17.88,2.67,1.84,3.0,2.71,2026-08-21,2923211.0,1151500,7952,100
2026-07-24,78,BRAVH181,ON      NM,BRBRAVACNOR3,18.13,1.99,1.0,2.8,2.12,2026-08-21,363139.0,177900,1372,105
2026-07-24,78,BRAVH181W1,ON      NM,BRBRAVACNOR3,18.13,2.03,0.0,0.0,2.07,2026-08-07,24603.0,12100,14,105
2026-07-24,78,BRAVH183,ON      NM,BRBRAVACNOR3,18.38,2.21,0.0,0.0,2.2,2026-08-21,1244021.0,608600,5285,105
2026-07-24,78,BRAVH183W1,ON      NM,BRBRAVACNOR3,18.38,2.18,0.0,0.0,2.18,2026-08-07,2180.0,1000,1,105
2026-07-24,78,BRAVH186W1,ON      NM,BRBRAVACNOR3,18.63,1.73,1.62,1.78,1.6,2026-08-07,57893.0,36000,38,105
2026-07-24,78,BRAVH187,ON      NM,BRBRAVACNOR3,18.63,1.7,1.6,1.75,1.68,2026-08-21,1465426.0,858100,5665,103
2026-07-24,78,BRAVH190,ON      NM,BRBRAVACNOR3,18.88,1.74,1.57,2.14,1.77,2026-08-21,363956.0,219000,993,100
2026-07-24,78,BRAVH193,ON      NM,BRBRAVACNOR3,19.38,1.43,0.38,1.43,1.44,2026-08-21,121382.0,92300,232,105
2026-07-24,78,BRAVH200,ON      NM,BRBRAVACNOR3,19.88,1.13,0.31,1.15,1.05,2026-08-21,193567.0,182600,523,100
2026-07-24,78,BRAVH203,ON      NM,BRBRAVACNOR3,20.38,0.84,0.84,0.87,0.8,2026-08-21,85524.0,104600,429,105
2026-07-24,78,BRAVH203W1,ON      NM,BRBRAVACNOR3,20.38,0.55,0.0,0.0,0.69,2026-08-07,124.0,200,2,105
2026-07-24,78,BRAVH206,ON      NM,BRBRAVACNOR3,20.63,0.71,0.52,1.0,0.67,2026-08-21,153614.0,215200,957,105
2026-07-24,78,BRAVH206W1,ON      NM,BRBRAVACNOR3,20.63,0.43,0.0,0.0,0.6,2026-08-07,253.0,500,5,105
2026-07-24,78,BRAVH210,ON      NM,BRBRAVACNOR3,20.88,0.61,0.52,0.9,0.65,2026-08-21,17257.0,28900,166,100
2026-07-24,78,BRAVH211,ON      NM,BRBRAVACNOR3,21.13,0.46,0.37,0.6,0.59,2026-08-21,8981.0,17500,137,105
2026-07-24,78,BRAVH213,ON      NM,BRBRAVACNOR3,21.38,0.41,0.3,0.51,0.5,2026-08-21,37458.0,85200,699,105
2026-07-24,78,BRAVH216,ON      NM,BRBRAVACNOR3,21.63,0.38,0.36,1.0,0.33,2026-08-21,5960.0,17200,30,105
2026-07-24,78,BRAVH220,ON      NM,BRBRAVACNOR3,21.88,0.31,0.24,0.37,0.32,2026-08-21,33161.0,100200,215,100
2026-07-24,78,BRAVH223,ON      NM,BRBRAVACNOR3,22.38,0.2,0.0,0.24,0.22,2026-08-21,172.0,800,2,105
2026-07-24,78,BRAVH226,ON      NM,BRBRAVACNOR3,22.63,0.16,0.0,0.35,0.22,2026-08-21,1202.0,5800,23,105
2026-07-24,78,BRAVH230,ON      NM,BRBRAVACNOR3,22.88,0.15,0.12,0.0,0.18,2026-08-21,20617.0,130600,591,100
2026-07-24,78,BRAVH231,ON      NM,BRBRAVACNOR3,23.13,0.12,0.09,0.15,0.12,2026-08-21,9102.0,77500,55,105
2026-07-24,78,BRAVH233,ON      NM,BRBRAVACNOR3,23.38,0.1,0.0,0.15,0.09,2026-08-21,1540.0,16000,5,105
2026-07-24,78,BRAVH236,ON      NM,BRBRAVACNOR3,23.63,0.08,0.03,0.1,0.08,2026-08-21,128.0,1600,8,105
2026-07-24,78,BRAVH238,ON      NM,BRBRAVACNOR3,23.88,0.06,0.0,0.1,0.08,2026-08-21,268.0,4400,8,105
2026-07-24,78,BRAVH241,ON      NM,BRBRAVACNOR3,24.13,0.05,0.03,0.09,0.07,2026-08-21,346.0,6100,6,105
2026-07-24,78,BRAVH243,ON      NM,BRBRAVACNOR3,24.38,0.08,0.0,0.28,0.08,2026-08-21,192.0,2400,24,105
2026-07-24,78,BRAVH253,ON      NM,BRBRAVACNOR3,25.38,0.02,0.02,0.03,0.02,2026-08-21,18.0,900,6,105
2026-07-24,78,BRAVI145,ON      NM,BRBRAVACNOR3,14.38,6.02,0.0,0.0,5.99,2026-09-18,48670.0,8100,6,104
2026-07-24,78,BRAVI147,ON      NM,BRBRAVACNOR3,14.63,5.51,0.0,0.0,5.51,2026-09-18,551.0,100,1,104
2026-07-24,78,BRAVI180,ON      NM,BRBRAVACNOR3,17.88,2.6,2.7,0.0,2.4,2026-09-18,5337.0,2200,21,104
2026-07-24,78,BRAVI187,ON      NM,BRBRAVACNOR3,18.63,1.9,0.0,2.05,1.86,2026-09-18,15500.0,8500,30,104
2026-07-24,78,BRAVI192,ON      NM,BRBRAVACNOR3,19.13,1.6,0.0,0.0,1.5,2026-09-18,1230.0,800,5,104
2026-07-24,78,BRAVI197,ON      NM,BRBRAVACNOR3,19.63,1.26,0.0,0.0,1.33,2026-09-18,3915.0,3100,3,104
2026-07-24,78,BRAVI200,ON      NM,BRBRAVACNOR3,19.88,1.16,0.56,1.67,1.28,2026-09-18,14700.0,12500,15,104
2026-07-24,78,BRAVI202,ON      NM,BRBRAVACNOR3,20.13,1.05,0.9,1.2,0.95,2026-09-18,3333.0,3200,24,103
2026-07-24,78,BRAVI205,ON      NM,BRBRAVACNOR3,20.38,1.05,0.9,0.0,1.0,2026-09-18,13815.0,14000,22,104
2026-07-24,78,BRAVI207,ON      NM,BRBRAVACNOR3,20.63,0.83,0.75,1.28,1.02,2026-09-18,3262.0,3900,8,104
2026-07-24,78,BRAVI209,ON      NM,BRBRAVACNOR3,20.88,0.85,0.75,0.0,0.85,2026-09-18,85.0,100,1,103
2026-07-24,78,BRAVI21,ON      NM,BRBRAVACNOR3,21.13,0.66,0.7,0.77,0.73,2026-09-18,45160.0,62600,24,104
2026-07-24,78,BRAVI215,ON      NM,BRBRAVACNOR3,21.38,0.65,0.0,0.0,0.66,2026-09-18,773.0,1200,3,104
2026-07-24,78,BRAVI217,ON      NM,BRBRAVACNOR3,21.63,0.55,0.0,0.0,0.6,2026-09-18,21651.0,37000,20,104
2026-07-24,78,BRAVI22,ON      NM,BRBRAVACNOR3,22.13,0.43,0.35,0.0,0.39,2026-09-18,32799.0,83400,52,104
2026-07-24,78,BRAVI220,ON      NM,BRBRAVACNOR3,21.88,0.51,0.39,0.0,0.47,2026-09-18,784.0,1600,2,104
2026-07-24,78,BRAVI225,ON      NM,BRBRAVACNOR3,22.38,0.4,0.37,0.45,0.39,2026-09-18,19816.0,50600,62,104
2026-07-24,78,BRAVI227,ON      NM,BRBRAVACNOR3,22.63,0.32,0.0,0.0,0.27,2026-09-18,11382.0,39000,13,104
2026-07-24,78,BRAVI23,ON      NM,BRBRAVACNOR3,22.88,0.25,0.0,0.0,0.35,2026-09-18,756.0,2300,9,100
2026-07-24,78,BRAVI237,ON      NM,BRBRAVACNOR3,23.63,0.18,0.0,1.27,0.18,2026-09-18,252.0,1400,1,104
2026-07-24,78,BRAVI250,ON      NM,BRBRAVACNOR3,24.88,0.08,0.0,0.0,0.08,2026-09-18,8.0,100,1,104
2026-07-24,78,BRAVI255,ON      NM,BRBRAVACNOR3,25.38,0.07,0.0,0.09,0.07,2026-09-18,7.0,100,1,104
2026-07-24,78,BRAVJ203,ON      NM,BRBRAVACNOR3,20.38,1.44,1.1,0.0,1.44,2026-10-16,144.0,100,1,105
2026-07-24,78,BRAVK179,ON      NM,BRBRAVACNOR3,17.88,5.06,0.0,5.5,5.01,2027-11-19,2012.0,400,4,103
2026-07-24,82,BRAVO170,ON      NM,BRBRAVACNOR3,17.0,0.9,0.0,0.0,0.9,2027-03-19,900.0,1000,1,105
2026-07-24,82,BRAVS178W5,ON      NM,BRBRAVACNOR3,17.88,0.03,0.0,0.05,0.03,2026-07-31,180.0,6000,1,105
2026-07-24,82,BRAVS183W5,ON      NM,BRBRAVACNOR3,18.38,0.07,0.0,0.2,0.07,2026-07-31,7.0,100,1,105
2026-07-24,82,BRAVS188W5,ON      NM,BRBRAVACNOR3,18.88,0.07,0.0,0.15,0.07,2026-07-31,350.0,5000,1,105
2026-07-24,82,BRAVS196W4,ON      NM,BRBRAVACNOR3,19.63,0.02,0.0,0.0,0.01,2026-07-24,3.0,200,2,105
2026-07-24,82,BRAVS196W5,ON      NM,BRBRAVACNOR3,19.63,0.09,0.0,0.0,0.09,2026-07-31,18.0,200,2,105
2026-07-24,82,BRAVS198W4,ON      NM,BRBRAVACNOR3,19.88,0.02,0.0,0.0,0.01,2026-07-24,21.0,1900,5,105
2026-07-24,82,BRAVS198W5,ON      NM,BRBRAVACNOR3,19.88,0.26,0.0,0.0,0.23,2026-07-31,15494.0,55900,11,105
2026-07-24,82,BRAVS201W5,ON      NM,BRBRAVACNOR3,20.13,0.4,0.0,0.0,0.4,2026-07-31,200.0,500,1,105
2026-07-24,82,BRAVS203W4,ON      NM,BRBRAVACNOR3,20.38,0.1,0.0,0.0,0.18,2026-07-24,550.0,3100,3,105
2026-07-24,82,BRAVS203W5,ON      NM,BRBRAVACNOR3,20.38,0.48,0.0,1.47,0.4,2026-07-31,7706.0,18200,34,105
2026-07-24,82,BRAVS206W4,ON      NM,BRBRAVACNOR3,20.63,0.3,0.0,0.0,0.23,2026-07-24,755.0,3300,11,105
2026-07-24,82,BRAVS206W5,ON      NM,BRBRAVACNOR3,20.63,0.69,0.0,0.0,0.62,2026-07-31,471.0,700,3,105
2026-07-24,82,BRAVS211W4,ON      NM,BRBRAVACNOR3,21.13,0.95,0.0,0.0,0.94,2026-07-24,3294.0,3500,5,105
2026-07-24,82,BRAVS213W4,ON      NM,BRBRAVACNOR3,21.38,1.09,0.0,0.0,1.09,2026-07-24,3270.0,3000,3,105
2026-07-24,82,BRAVT120,ON      NM,BRBRAVACNOR3,11.88,0.02,0.0,0.04,0.04,2026-08-21,42949.0,861000,3612,103
2026-07-24,82,BRAVT133,ON      NM,BRBRAVACNOR3,13.38,0.08,0.07,0.22,0.08,2026-08-21,150.0,2000,13,105
2026-07-24,82,BRAVT138,ON      NM,BRBRAVACNOR3,13.88,0.06,0.06,0.0,0.06,2026-08-21,6.0,100,1,105
2026-07-24,82,BRAVT145,ON      NM,BRBRAVACNOR3,14.38,0.12,0.05,0.15,0.11,2026-08-21,59.0,500,5,104
2026-07-24,82,BRAVT148,ON      NM,BRBRAVACNOR3,14.88,0.1,0.03,0.0,0.13,2026-08-21,282.0,2100,21,105
2026-07-24,82,BRAVT160,ON      NM,BRBRAVACNOR3,15.88,0.17,0.08,0.19,0.18,2026-08-21,3958.0,21200,14,103
2026-07-24,82,BRAVT160W2,ON      NM,BRBRAVACNOR3,16.0,0.1,0.0,0.11,0.08,2026-08-14,38.0,400,4,105
2026-07-24,82,BRAVT165,ON      NM,BRBRAVACNOR3,16.38,0.21,0.08,0.25,0.21,2026-08-21,11192.0,51600,17,103
2026-07-24,82,BRAVT170,ON      NM,BRBRAVACNOR3,16.88,0.26,0.15,0.33,0.26,2026-08-21,4389.0,15200,28,100
2026-07-24,82,BRAVT171W1,ON      NM,BRBRAVACNOR3,17.13,0.31,0.0,0.34,0.31,2026-08-07,310.0,1000,1,105
2026-07-24,82,BRAVT175,ON      NM,BRBRAVACNOR3,17.38,0.4,0.29,0.45,0.35,2026-08-21,26731.0,68600,77,103
2026-07-24,82,BRAVT180,ON      NM,BRBRAVACNOR3,17.88,0.46,0.4,0.59,0.42,2026-08-21,703460.0,1439800,8061,100
2026-07-24,82,BRAVT181,ON      NM,BRBRAVACNOR3,18.13,0.55,0.3,1.0,0.51,2026-08-21,117229.0,215700,1513,105
2026-07-24,82,BRAVT183,ON      NM,BRBRAVACNOR3,18.38,0.6,0.48,1.0,0.6,2026-08-21,458624.0,693000,5330,105
2026-07-24,82,BRAVT187,ON      NM,BRBRAVACNOR3,18.63,0.61,0.5,0.91,0.59,2026-08-21,775241.0,1121900,5990,103
2026-07-24,82,BRAVT190,ON      NM,BRBRAVACNOR3,18.88,0.75,0.7,0.77,0.68,2026-08-21,189223.0,240900,1058,100
2026-07-24,82,BRAVT190W2,ON      NM,BRBRAVACNOR3,19.0,0.5,0.25,0.0,0.65,2026-08-14,565.0,1100,2,105
2026-07-24,82,BRAVT193,ON      NM,BRBRAVACNOR3,19.38,0.89,0.6,0.97,0.96,2026-08-21,33295.0,34000,132,105
2026-07-24,82,BRAVT200,ON      NM,BRBRAVACNOR3,19.88,1.12,1.16,1.44,1.08,2026-08-21,274011.0,224100,548,100
2026-07-24,82,BRAVT201W1,ON      NM,BRBRAVACNOR3,20.13,0.9,0.0,0.0,0.9,2026-08-07,90.0,100,1,105
2026-07-24,82,BRAVT202W2,ON      NM,BRBRAVACNOR3,20.25,0.95,0.0,0.0,0.95,2026-08-14,95.0,100,1,105
2026-07-24,82,BRAVT203,ON      NM,BRBRAVACNOR3,20.38,1.43,0.9,1.49,1.61,2026-08-21,121525.0,81800,353,105
2026-07-24,82,BRAVT206,ON      NM,BRBRAVACNOR3,20.63,1.73,0.0,0.0,1.67,2026-08-21,336260.0,205700,952,105
2026-07-24,82,BRAVT210,ON      NM,BRBRAVACNOR3,20.88,1.72,1.5,2.3,1.74,2026-08-21,41278.0,22600,147,100
2026-07-24,82,BRAVT211,ON      NM,BRBRAVACNOR3,21.13,2.06,1.0,0.0,1.78,2026-08-21,48297.0,23900,154,105
2026-07-24,82,BRAVT213,ON      NM,BRBRAVACNOR3,21.38,2.14,0.0,0.0,2.16,2026-08-21,184291.0,84300,625,105
2026-07-24,82,BRAVT220,ON      NM,BRBRAVACNOR3,21.88,2.35,2.21,0.0,2.47,2026-08-21,42494.0,16600,166,100
2026-07-24,82,BRAVT230,ON      NM,BRBRAVACNOR3,22.88,3.26,3.02,3.6,3.34,2026-08-21,255288.0,74500,608,100
2026-07-24,82,BRAVT243,ON      NM,BRBRAVACNOR3,24.38,4.7,0.0,0.0,4.6,2026-08-21,100524.0,21400,43,105
2026-07-24,82,BRAVT310,ON      NM,BRBRAVACNOR3,30.88,11.0,9.2,11.18,11.0,2026-08-21,3300.0,300,1,101
2026-07-24,82,BRAVT372,ON      NM,BRBRAVACNOR3,37.13,17.18,16.8,17.36,17.1,2026-08-21,85850.0,5000,15,103
2026-07-24,82,BRAVU142,ON      NM,BRBRAVACNOR3,14.13,0.1,0.04,0.0,0.1,2026-09-18,450.0,4500,2,104
2026-07-24,82,BRAVU160,ON      NM,BRBRAVACNOR3,15.88,0.21,0.0,0.0,0.21,2026-09-18,42.0,200,1,104
2026-07-24,82,BRAVU162,ON      NM,BRBRAVACNOR3,16.13,0.23,0.0,0.0,0.23,2026-09-18,46.0,200,1,104
2026-07-24,82,BRAVU165,ON      NM,BRBRAVACNOR3,16.38,0.27,0.0,0.9,0.27,2026-09-18,1350.0,5000,1,104
2026-07-24,82,BRAVU170,ON      NM,BRBRAVACNOR3,16.88,0.39,0.0,0.0,0.38,2026-09-18,2446.0,6400,2,104
2026-07-24,82,BRAVU180,ON      NM,BRBRAVACNOR3,17.88,0.62,0.1,0.95,0.64,2026-09-18,7737.0,12100,26,104
2026-07-24,82,BRAVU185,ON      NM,BRBRAVACNOR3,18.38,0.71,0.18,0.71,0.76,2026-09-18,4793.0,6500,11,103
2026-07-24,82,BRAVU187,ON      NM,BRBRAVACNOR3,18.63,0.83,0.29,0.0,0.81,2026-09-18,1220.0,1500,15,104
2026-07-24,82,BRAVU190,ON      NM,BRBRAVACNOR3,18.88,0.89,0.69,0.89,1.17,2026-09-18,563.0,600,4,104
2026-07-24,82,BRAVU192,ON      NM,BRBRAVACNOR3,19.13,1.0,0.75,1.04,1.15,2026-09-18,8285.0,8000,14,104
2026-07-24,82,BRAVU195,ON      NM,BRBRAVACNOR3,19.38,1.1,0.85,0.0,1.18,2026-09-18,2871.0,2500,9,104
2026-07-24,82,BRAVU200,ON      NM,BRBRAVACNOR3,19.88,1.37,1.1,1.49,1.36,2026-09-18,2730.0,2000,2,104
2026-07-24,82,BRAVU202,ON      NM,BRBRAVACNOR3,20.13,1.58,0.95,0.0,1.35,2026-09-18,26471.0,18500,22,103
2026-07-24,82,BRAVU209,ON      NM,BRBRAVACNOR3,20.88,2.0,1.35,2.02,1.85,2026-09-18,28500.0,15000,2,103
2026-07-24,82,BRAVU21,ON      NM,BRBRAVACNOR3,21.13,2.07,0.0,0.0,2.13,2026-09-18,837.0,400,4,104
2026-07-24,82,BRAVU215,ON      NM,BRBRAVACNOR3,21.38,2.19,0.0,0.0,2.17,2026-09-18,3502.0,1600,4,104
2026-07-24,82,BRAVV23,ON      NM,BRBRAVACNOR3,22.88,3.51,0.51,0.0,3.51,2026-10-16,5265.0,1500,1,100
2026-07-24,82,BRAVX198,ON      NM,BRBRAVACNOR3,19.88,2.02,0.0,2.15,2.02,2026-12-18,10100.0,5000,1,105
2026-07-24,82,BRAVX200,ON      NM,BRBRAVACNOR3,19.88,2.25,2.25,2.85,2.25,2027-12-17,2025.0,900,1,103
2026-07-24,82,BRAVX220,ON      NM,BRBRAVACNOR3,21.88,3.24,2.91,0.0,3.24,2027-12-17,3240.0,1000,1,103
2026-07-27,78,BRAVA236,ON      NM,BRBRAVACNOR3,23.63,1.15,0.0,0.0,1.1,2027-01-15,225.0,200,2,105
2026-07-27,78,BRAVA261,ON      NM,BRBRAVACNOR3,26.13,0.6,0.0,0.0,0.6,2027-01-15,60.0,100,1,105
2026-07-27,78,BRAVB229,ON      NM,BRBRAVACNOR3,22.88,1.99,0.44,4.3,1.99,2027-02-19,597.0,300,1,100
2026-07-27,78,BRAVB24,ON      NM,BRBRAVACNOR3,24.38,1.16,0.15,0.0,1.13,2027-02-19,229.0,200,2,100
2026-07-27,78,BRAVC19,ON      NM,BRBRAVACNOR3,18.88,5.81,0.0,0.0,5.81,2028-03-17,11620.0,2000,1,104
2026-07-27,78,BRAVG176,ON      NM,BRBRAVACNOR3,17.48,5.21,5.3,6.2,5.8,2027-07-16,80967.0,15100,12,102
2026-07-27,78,BRAVG186W5,ON      NM,BRBRAVACNOR3,18.63,2.39,2.34,2.5,1.94,2026-07-31,21977.0,9700,15,105
2026-07-27,78,BRAVG203W5,ON      NM,BRBRAVACNOR3,20.38,0.56,0.0,1.07,0.56,2026-07-31,56.0,100,1,105
2026-07-27,78,BRAVG206W5,ON      NM,BRBRAVACNOR3,20.63,0.41,0.0,0.0,0.46,2026-07-31,870.0,2000,2,105
2026-07-27,78,BRAVG208W5,ON      NM,BRBRAVACNOR3,20.88,0.5,0.0,0.0,0.46,2026-07-31,238.0,500,4,105
2026-07-27,78,BRAVG211W5,ON      NM,BRBRAVACNOR3,21.13,0.29,0.0,0.48,0.25,2026-07-31,18635.0,44600,9,105
2026-07-27,78,BRAVG213W5,ON      NM,BRBRAVACNOR3,21.38,0.26,0.0,0.0,0.18,2026-07-31,1300.0,6500,8,105
2026-07-27,78,BRAVG216W5,ON      NM,BRBRAVACNOR3,21.63,0.15,0.0,0.0,0.1,2026-07-31,155.0,1200,2,105
2026-07-27,78,BRAVG218W5,ON      NM,BRBRAVACNOR3,21.88,0.14,0.13,0.0,0.08,2026-07-31,716.0,5000,12,105
2026-07-27,78,BRAVG223W5,ON      NM,BRBRAVACNOR3,22.38,0.08,0.06,0.12,0.02,2026-07-31,431.0,6500,12,105
2026-07-27,78,BRAVG261,ON      NM,BRBRAVACNOR3,25.98,1.6,0.0,0.0,1.55,2027-07-16,315.0,200,2,102
2026-07-27,78,BRAVH115,ON      NM,BRBRAVACNOR3,11.38,9.91,0.0,0.0,9.89,2026-08-21,19800.0,2000,2,103
2026-07-27,78,BRAVH120,ON      NM,BRBRAVACNOR3,11.88,9.1,0.0,0.0,8.79,2026-08-21,1226940.0,133900,236,103
2026-07-27,78,BRAVH133,ON      NM,BRBRAVACNOR3,13.38,7.78,0.0,0.0,7.77,2026-08-21,140503.0,17900,9,105
2026-07-27,78,BRAVH145,ON      NM,BRBRAVACNOR3,14.38,6.85,0.0,0.0,6.82,2026-08-21,38470.0,5600,8,104
2026-07-27,78,BRAVH148,ON      NM,BRBRAVACNOR3,14.88,6.27,0.0,0.0,6.1,2026-08-21,1847.0,300,2,105
2026-07-27,78,BRAVH153,ON      NM,BRBRAVACNOR3,15.38,5.78,0.0,0.0,5.78,2026-08-21,578.0,100,1,105
2026-07-27,78,BRAVH160,ON      NM,BRBRAVACNOR3,15.88,5.07,0.0,0.0,5.07,2026-08-21,1014.0,200,1,103
2026-07-27,78,BRAVH165,ON      NM,BRBRAVACNOR3,16.38,4.82,0.0,0.0,4.76,2026-08-21,62150.0,12900,16,103
2026-07-27,78,BRAVH168W1,ON      NM,BRBRAVACNOR3,16.88,4.34,4.59,0.0,3.75,2026-08-07,325650.0,83200,17,105
2026-07-27,78,BRAVH170,ON      NM,BRBRAVACNOR3,16.88,5.0,0.0,5.02,4.09,2026-08-21,11608.0,2700,6,100
2026-07-27,78,BRAVH171W1,ON      NM,BRBRAVACNOR3,17.13,2.99,2.95,2.99,3.99,2026-08-07,19494661.0,6173400,1124,105
2026-07-27,78,BRAVH173W1,ON      NM,BRBRAVACNOR3,17.38,3.51,3.01,3.6,3.5,2026-08-07,19500480.0,5460100,1734,105
2026-07-27,78,BRAVH175,ON      NM,BRBRAVACNOR3,17.38,3.9,0.0,0.0,3.81,2026-08-21,63343.0,16200,58,103
2026-07-27,78,BRAVH176W1,ON      NM,BRBRAVACNOR3,17.63,2.89,2.82,2.99,2.64,2026-08-07,3404162.0,1200200,175,105
2026-07-27,78,BRAVH177W2,ON      NM,BRBRAVACNOR3,17.75,2.8,0.0,0.0,2.69,2026-08-14,549.0,200,2,105
2026-07-27,78,BRAVH178W1,ON      NM,BRBRAVACNOR3,17.88,3.24,0.0,0.0,2.73,2026-08-07,2887684.0,888500,82,105
2026-07-27,78,BRAVH180,ON      NM,BRBRAVACNOR3,17.88,3.13,2.09,3.13,2.8,2026-08-21,817245.0,286600,1778,100
2026-07-27,78,BRAVH180W2,ON      NM,BRBRAVACNOR3,18.0,2.87,0.0,0.0,2.78,2026-08-14,565.0,200,2,105
2026-07-27,78,BRAVH181,ON      NM,BRBRAVACNOR3,18.13,2.78,1.0,2.8,2.21,2026-08-21,371296.0,159300,237,105
2026-07-27,78,BRAVH181W1,ON      NM,BRBRAVACNOR3,18.13,2.58,0.0,0.0,2.2,2026-08-07,1197214.0,491500,107,105
2026-07-27,78,BRAVH183,ON      NM,BRBRAVACNOR3,18.38,2.61,0.0,4.5,2.26,2026-08-21,66742.0,27500,130,105
2026-07-27,78,BRAVH183W1,ON      NM,BRBRAVACNOR3,18.38,2.75,0.0,0.0,2.65,2026-08-07,56543.0,20700,5,105
2026-07-27,78,BRAVH186W1,ON      NM,BRBRAVACNOR3,18.63,2.2,1.92,2.15,1.72,2026-08-07,114907.0,57300,30,105
2026-07-27,78,BRAVH187,ON      NM,BRBRAVACNOR3,18.63,2.29,2.21,2.29,1.75,2026-08-21,637435.0,329000,1508,103
2026-07-27,78,BRAVH188W1,ON      NM,BRBRAVACNOR3,18.88,2.26,0.0,0.0,2.47,2026-08-07,955.0,400,4,105
2026-07-27,78,BRAVH190,ON      NM,BRBRAVACNOR3,18.88,2.07,2.12,2.15,1.69,2026-08-21,467570.0,235100,1443,100
2026-07-27,78,BRAVH191W1,ON      NM,BRBRAVACNOR3,19.13,1.93,0.0,0.0,1.66,2026-08-07,52832.0,31700,10,105
2026-07-27,78,BRAVH193,ON      NM,BRBRAVACNOR3,19.38,1.8,1.3,1.78,1.34,2026-08-21,192254.0,122500,205,105
2026-07-27,78,BRAVH193W1,ON      NM,BRBRAVACNOR3,19.38,1.87,0.0,0.0,1.99,2026-08-07,386.0,200,2,105
2026-07-27,78,BRAVH196W1,ON      NM,BRBRAVACNOR3,19.63,1.26,0.0,0.0,1.33,2026-08-07,1034.0,800,8,105
2026-07-27,78,BRAVH198W1,ON      NM,BRBRAVACNOR3,19.88,1.56,1.43,0.0,1.32,2026-08-07,3181.0,2200,12,105
2026-07-27,78,BRAVH200,ON      NM,BRBRAVACNOR3,19.88,1.47,1.08,1.51,1.15,2026-08-21,321435.0,229200,344,100
2026-07-27,78,BRAVH201W1,ON      NM,BRBRAVACNOR3,20.13,0.99,0.0,0.0,1.02,2026-08-07,978.0,1000,10,105
2026-07-27,78,BRAVH202W2,ON      NM,BRBRAVACNOR3,20.25,1.0,0.0,0.0,1.0,2026-08-14,100.0,100,1,105
2026-07-27,78,BRAVH203,ON      NM,BRBRAVACNOR3,20.38,1.15,0.83,1.15,0.75,2026-08-21,123105.0,118100,355,105
2026-07-27,78,BRAVH203W1,ON      NM,BRBRAVACNOR3,20.38,1.02,0.0,0.0,1.07,2026-08-07,640.0,600,6,105
2026-07-27,78,BRAVH206,ON      NM,BRBRAVACNOR3,20.63,0.88,0.84,1.1,0.78,2026-08-21,1990415.0,2104000,237,105
2026-07-27,78,BRAVH206W1,ON      NM,BRBRAVACNOR3,20.63,0.71,0.0,0.0,0.78,2026-08-07,440.0,600,6,105
2026-07-27,78,BRAVH208W1,ON      NM,BRBRAVACNOR3,20.88,0.55,0.0,0.0,0.72,2026-08-07,256.0,400,4,105
2026-07-27,78,BRAVH210,ON      NM,BRBRAVACNOR3,20.88,0.97,0.63,0.95,0.68,2026-08-21,22742.0,28700,51,100
2026-07-27,78,BRAVH211,ON      NM,BRBRAVACNOR3,21.13,0.74,0.14,0.84,0.7,2026-08-21,25918.0,36800,84,105
2026-07-27,78,BRAVH213,ON      NM,BRBRAVACNOR3,21.38,0.67,0.45,0.78,0.49,2026-08-21,45663.0,78400,90,105
2026-07-27,78,BRAVH216,ON      NM,BRBRAVACNOR3,21.63,0.47,0.47,0.6,0.35,2026-08-21,85740.0,185000,78,105
2026-07-27,78,BRAVH218W1,ON      NM,BRBRAVACNOR3,21.88,0.28,0.0,0.0,0.36,2026-08-07,203.0,700,5,105
2026-07-27,78,BRAVH220,ON      NM,BRBRAVACNOR3,21.88,0.52,0.31,0.55,0.35,2026-08-21,42500.0,111100,177,100
2026-07-27,78,BRAVH223,ON      NM,BRBRAVACNOR3,22.38,0.38,0.33,0.38,0.24,2026-08-21,39598.0,121200,83,105
2026-07-27,78,BRAVH223W1,ON      NM,BRBRAVACNOR3,22.38,0.31,0.0,0.31,0.25,2026-08-07,293.0,1000,10,105
2026-07-27,78,BRAVH226,ON      NM,BRBRAVACNOR3,22.63,0.32,0.21,0.27,0.2,2026-08-21,12406.0,51600,40,105
2026-07-27,78,BRAVH230,ON      NM,BRBRAVACNOR3,22.88,0.27,0.0,0.25,0.19,2026-08-21,17587.0,87100,126,100
2026-07-27,78,BRAVH231,ON      NM,BRBRAVACNOR3,23.13,0.27,0.1,0.27,0.11,2026-08-21,46611.0,276200,196,105
2026-07-27,78,BRAVH233,ON      NM,BRBRAVACNOR3,23.38,0.16,0.0,0.23,0.1,2026-08-21,2154.0,12100,10,105
2026-07-27,78,BRAVH236,ON      NM,BRBRAVACNOR3,23.63,0.11,0.06,0.15,0.1,2026-08-21,293.0,2700,9,105
2026-07-27,78,BRAVH238,ON      NM,BRBRAVACNOR3,23.88,0.12,0.0,0.15,0.07,2026-08-21,135.0,1600,8,105
2026-07-27,78,BRAVH241,ON      NM,BRBRAVACNOR3,24.13,0.1,0.06,0.12,0.05,2026-08-21,909.0,12800,6,105
2026-07-27,78,BRAVH243,ON      NM,BRBRAVACNOR3,24.38,0.09,0.0,0.09,0.1,2026-08-21,2042.0,26200,12,105
2026-07-27,78,BRAVH248,ON      NM,BRBRAVACNOR3,24.88,0.05,0.0,0.07,0.06,2026-08-21,11.0,200,2,105
2026-07-27,78,BRAVH253,ON      NM,BRBRAVACNOR3,25.38,0.04,0.04,0.08,0.03,2026-08-21,201.0,3100,17,105
2026-07-27,78,BRAVH263,ON      NM,BRBRAVACNOR3,26.38,0.02,0.01,0.0,0.02,2026-08-21,6.0,300,2,105
2026-07-27,78,BRAVI110,ON      NM,BRBRAVACNOR3,10.88,10.37,0.0,0.0,10.36,2026-09-18,3110.0,300,3,104
2026-07-27,78,BRAVI172,ON      NM,BRBRAVACNOR3,17.13,3.42,0.0,0.0,3.46,2026-09-18,1133.0,300,3,104
2026-07-27,78,BRAVI180,ON      NM,BRBRAVACNOR3,17.88,3.44,0.0,0.0,2.74,2026-09-18,16075.0,4700,19,104
2026-07-27,78,BRAVI182,ON      NM,BRBRAVACNOR3,18.13,2.94,0.0,0.0,2.9,2026-09-18,3235.0,1100,11,104
2026-07-27,78,BRAVI185,ON      NM,BRBRAVACNOR3,18.38,2.76,0.0,0.0,2.64,2026-09-18,499701.0,184600,1392,103
2026-07-27,78,BRAVI187,ON      NM,BRBRAVACNOR3,18.63,2.45,2.32,2.45,2.05,2026-09-18,78428.0,33600,245,104
2026-07-27,78,BRAVI190,ON      NM,BRBRAVACNOR3,18.88,2.3,0.0,0.0,2.29,2026-09-18,13596.0,5900,28,104
2026-07-27,78,BRAVI192,ON      NM,BRBRAVACNOR3,19.13,1.96,0.0,0.0,2.0,2026-09-18,199965.0,101500,766,104
2026-07-27,78,BRAVI197,ON      NM,BRBRAVACNOR3,19.63,1.82,0.0,0.0,1.57,2026-09-18,17437.0,10300,16,104
2026-07-27,78,BRAVI200,ON      NM,BRBRAVACNOR3,19.88,1.7,1.37,0.0,1.41,2026-09-18,115343.0,72500,180,104
2026-07-27,78,BRAVI202,ON      NM,BRBRAVACNOR3,20.13,1.51,0.0,1.7,1.15,2026-09-18,34648.0,23700,51,103
2026-07-27,78,BRAVI205,ON      NM,BRBRAVACNOR3,20.38,1.46,1.35,0.0,1.14,2026-09-18,27627.0,20400,57,104
2026-07-27,78,BRAVI207,ON      NM,BRBRAVACNOR3,20.63,1.26,0.0,1.28,1.0,2026-09-18,28350.0,26500,61,104
2026-07-27,78,BRAVI209,ON      NM,BRBRAVACNOR3,20.88,1.2,1.1,1.82,0.85,2026-09-18,42371.0,42000,149,103
2026-07-27,78,BRAVI21,ON      NM,BRBRAVACNOR3,21.13,1.03,0.82,0.0,0.76,2026-09-18,60351.0,69200,63,104
2026-07-27,78,BRAVI215,ON      NM,BRBRAVACNOR3,21.38,1.06,0.0,0.0,0.85,2026-09-18,4243.0,4800,11,104
2026-07-27,78,BRAVI217,ON      NM,BRBRAVACNOR3,21.63,0.79,0.4,0.0,0.77,2026-09-18,5752.0,7300,13,104
2026-07-27,78,BRAVI22,ON      NM,BRBRAVACNOR3,22.13,0.64,0.6,0.9,0.6,2026-09-18,12441.0,20300,28,104
2026-07-27,78,BRAVI220,ON      NM,BRBRAVACNOR3,21.88,0.79,0.39,1.0,0.73,2026-09-18,11279.0,16800,72,104
2026-07-27,78,BRAVI225,ON      NM,BRBRAVACNOR3,22.38,0.64,0.54,0.8,0.43,2026-09-18,15834.0,28400,27,104
2026-07-27,78,BRAVI227,ON      NM,BRBRAVACNOR3,22.63,0.53,0.0,0.0,0.39,2026-09-18,10536.0,27300,19,104
2026-07-27,78,BRAVI23,ON      NM,BRBRAVACNOR3,22.88,0.49,0.0,0.0,0.49,2026-09-18,13426.0,27400,5,100
2026-07-27,78,BRAVI231,ON      NM,BRBRAVACNOR3,23.13,0.42,0.0,0.46,0.28,2026-09-18,1489.0,4900,8,104
2026-07-27,78,BRAVI235,ON      NM,BRBRAVACNOR3,23.38,0.28,0.0,0.0,0.28,2026-09-18,28.0,100,1,104
2026-07-27,78,BRAVI237,ON      NM,BRBRAVACNOR3,23.63,0.29,0.0,1.27,0.22,2026-09-18,641.0,2200,3,104
2026-07-27,78,BRAVI24,ON      NM,BRBRAVACNOR3,24.13,0.28,0.25,0.31,0.2,2026-09-18,4517.0,22600,32,104
2026-07-27,78,BRAVI240,ON      NM,BRBRAVACNOR3,23.88,0.2,0.05,0.0,0.2,2026-09-18,4000.0,20000,4,104
2026-07-27,78,BRAVI250,ON      NM,BRBRAVACNOR3,24.88,0.17,0.0,0.0,0.09,2026-09-18,1342.0,9200,14,104
2026-07-27,78,BRAVI252,ON      NM,BRBRAVACNOR3,25.13,2.2,0.0,0.0,2.1,2027-09-17,430.0,200,2,103
2026-07-27,78,BRAVI255,ON      NM,BRBRAVACNOR3,25.38,0.1,0.1,0.0,0.08,2026-09-18,1027.0,12800,4,104
2026-07-27,78,BRAVI257,ON      NM,BRBRAVACNOR3,25.63,0.07,0.0,1.18,0.07,2026-09-18,7.0,100,1,103
2026-07-27,78,BRAVI260,ON      NM,BRBRAVACNOR3,25.88,0.1,0.0,0.0,0.1,2026-09-18,10.0,100,1,104
2026-07-27,78,BRAVJ17,ON      NM,BRBRAVACNOR3,16.88,4.3,0.0,4.3,4.04,2026-10-16,83400.0,20000,2,100
2026-07-27,78,BRAVJ182,ON      NM,BRBRAVACNOR3,18.13,2.41,0.0,0.0,2.73,2026-10-16,514.0,200,2,103
2026-07-27,78,BRAVJ19,ON      NM,BRBRAVACNOR3,18.88,2.35,0.0,0.0,2.35,2026-10-16,23500.0,10000,1,100
2026-07-27,78,BRAVJ203,ON      NM,BRBRAVACNOR3,20.38,1.55,0.0,0.0,1.55,2026-10-16,155.0,100,1,105
2026-07-27,78,BRAVJ21,ON      NM,BRBRAVACNOR3,20.88,1.45,1.02,0.0,1.45,2026-10-16,145.0,100,1,100
2026-07-27,78,BRAVK201,ON      NM,BRBRAVACNOR3,20.13,2.03,0.0,0.0,2.03,2026-11-19,3248.0,1600,1,105
2026-07-27,78,BRAVK23,ON      NM,BRBRAVACNOR3,22.88,1.03,0.0,0.0,1.03,2026-11-19,103.0,100,1,100
2026-07-27,78,BRAVL202,ON      NM,BRBRAVACNOR3,20.13,2.26,0.0,3.0,2.25,2026-12-18,27040.0,12000,2,104
2026-07-27,78,BRAVL22,ON      NM,BRBRAVACNOR3,21.88,1.51,0.8,2.0,1.52,2026-12-18,303.0,200,2,104
2026-07-27,78,BRAVL240,ON      NM,BRBRAVACNOR3,23.88,1.0,0.0,1.2,0.97,2026-12-18,1075.0,1100,3,104
2026-07-27,78,BRAVL250,ON      NM,BRBRAVACNOR3,24.88,2.9,0.53,2.9,2.68,2027-12-17,2763.0,1000,6,103
2026-07-27,82,BRAVN320,ON      NM,BRBRAVACNOR3,31.88,10.4,0.5,0.0,10.49,2027-02-19,16712.0,1600,8,101
2026-07-27,82,BRAVQ196,ON      NM,BRBRAVACNOR3,19.63,1.3,0.0,0.0,1.24,2027-05-21,514.0,400,2,105
2026-07-27,82,BRAVR190,ON      NM,BRBRAVACNOR3,19.0,1.4,0.0,0.0,1.3,2027-06-18,550.0,400,2,105
2026-07-27,82,BRAVS173W5,ON      NM,BRBRAVACNOR3,17.38,0.01,0.0,0.35,0.01,2026-07-31,1.0,100,1,105
2026-07-27,82,BRAVS176,ON      NM,BRBRAVACNOR3,17.48,1.05,1.05,0.0,1.05,2027-07-16,735.0,700,2,102
2026-07-27,82,BRAVS178W5,ON      NM,BRBRAVACNOR3,17.88,0.02,0.0,0.0,0.01,2026-07-31,140.0,7000,4,105
2026-07-27,82,BRAVS182,ON      NM,BRBRAVACNOR3,18.23,1.25,0.0,0.0,1.2,2027-07-16,495.0,400,2,105
2026-07-27,82,BRAVS198W5,ON      NM,BRBRAVACNOR3,19.88,0.08,0.0,0.0,0.08,2026-07-31,2496.0,31200,2,105
2026-07-27,82,BRAVS201W5,ON      NM,BRBRAVACNOR3,20.13,0.12,0.0,0.0,0.19,2026-07-31,79.0,600,2,105
2026-07-27,82,BRAVS203W5,ON      NM,BRBRAVACNOR3,20.38,0.18,0.04,0.46,0.25,2026-07-31,523.0,2700,4,105
2026-07-27,82,BRAVS206W5,ON      NM,BRBRAVACNOR3,20.63,0.27,0.0,0.0,0.67,2026-07-31,4789.0,10200,9,105
2026-07-27,82,BRAVS211W5,ON      NM,BRBRAVACNOR3,21.13,0.48,0.0,0.0,0.46,2026-07-31,2380.0,5000,2,105
2026-07-27,82,BRAVT120,ON      NM,BRBRAVACNOR3,11.88,0.01,0.0,0.02,0.03,2026-08-21,700.0,23300,159,103
2026-07-27,82,BRAVT138,ON      NM,BRBRAVACNOR3,13.88,0.04,0.0,0.0,0.04,2026-08-21,100.0,2500,4,105
2026-07-27,82,BRAVT145,ON      NM,BRBRAVACNOR3,14.38,0.06,0.03,0.15,0.06,2026-08-21,60.0,1000,1,104
2026-07-27,82,BRAVT148,ON      NM,BRBRAVACNOR3,14.88,0.07,0.03,0.0,0.11,2026-08-21,117.0,1100,2,105
2026-07-27,82,BRAVT151,ON      NM,BRBRAVACNOR3,15.13,0.08,0.0,0.0,0.08,2026-08-21,16.0,200,1,105
2026-07-27,82,BRAVT153,ON      NM,BRBRAVACNOR3,15.38,0.07,0.04,0.3,0.07,2026-08-21,588.0,8400,6,105
2026-07-27,82,BRAVT160,ON      NM,BRBRAVACNOR3,15.88,0.08,0.07,0.18,0.11,2026-08-21,15513.0,167600,52,103
2026-07-27,82,BRAVT165,ON      NM,BRBRAVACNOR3,16.38,0.11,0.1,0.38,0.16,2026-08-21,4574.0,32600,16,103
2026-07-27,82,BRAVT170,ON      NM,BRBRAVACNOR3,16.88,0.15,0.05,0.33,0.19,2026-08-21,11660.0,70000,63,100
2026-07-27,82,BRAVT175,ON      NM,BRBRAVACNOR3,17.38,0.13,0.16,1.0,0.29,2026-08-21,29069.0,154300,45,103
2026-07-27,82,BRAVT180,ON      NM,BRBRAVACNOR3,17.88,0.3,0.26,0.4,0.46,2026-08-21,401449.0,1262400,2353,100
2026-07-27,82,BRAVT181,ON      NM,BRBRAVACNOR3,18.13,0.27,0.26,1.0,0.55,2026-08-21,44494.0,122500,141,105
2026-07-27,82,BRAVT183,ON      NM,BRBRAVACNOR3,18.38,0.32,0.33,0.55,0.66,2026-08-21,8709.0,17800,135,105
2026-07-27,82,BRAVT187,ON      NM,BRBRAVACNOR3,18.63,0.37,0.4,1.47,0.66,2026-08-21,344583.0,698400,1760,103
2026-07-27,82,BRAVT190,ON      NM,BRBRAVACNOR3,18.88,0.44,0.42,0.6,0.7,2026-08-21,318647.0,558600,1496,100
2026-07-27,82,BRAVT193,ON      NM,BRBRAVACNOR3,19.38,0.62,0.53,0.72,0.86,2026-08-21,67380.0,93700,251,105
2026-07-27,82,BRAVT200,ON      NM,BRBRAVACNOR3,19.88,0.79,0.78,1.11,1.09,2026-08-21,192723.0,197400,553,100
2026-07-27,82,BRAVT201W1,ON      NM,BRBRAVACNOR3,20.13,0.65,0.0,0.0,0.65,2026-08-07,650.0,1000,1,105
2026-07-27,82,BRAVT203,ON      NM,BRBRAVACNOR3,20.38,1.0,0.9,1.11,1.25,2026-08-21,227961.0,202800,418,105
2026-07-27,82,BRAVT206,ON      NM,BRBRAVACNOR3,20.63,1.12,1.41,0.0,1.35,2026-08-21,2343165.0,2079800,261,105
2026-07-27,82,BRAVT210,ON      NM,BRBRAVACNOR3,20.88,1.26,1.15,2.3,1.44,2026-08-21,21973.0,16800,30,100
2026-07-27,82,BRAVT211,ON      NM,BRBRAVACNOR3,21.13,1.4,1.0,0.0,1.48,2026-08-21,27810.0,18800,58,105
2026-07-27,82,BRAVT213,ON      NM,BRBRAVACNOR3,21.38,1.55,0.0,1.7,1.74,2026-08-21,28082.0,16700,24,105
2026-07-27,82,BRAVT216,ON      NM,BRBRAVACNOR3,21.63,1.7,0.0,0.0,1.7,2026-08-21,340.0,200,1,105
2026-07-27,82,BRAVT220,ON      NM,BRBRAVACNOR3,21.88,1.83,1.61,0.0,2.23,2026-08-21,36507.0,17200,131,100
2026-07-27,82,BRAVT223,ON      NM,BRBRAVACNOR3,22.38,2.18,1.73,0.0,2.18,2026-08-21,218.0,100,1,105
2026-07-27,82,BRAVT226,ON      NM,BRBRAVACNOR3,22.63,2.37,0.5,0.0,2.37,2026-08-21,474.0,200,1,105
2026-07-27,82,BRAVT230,ON      NM,BRBRAVACNOR3,22.88,2.52,1.95,0.0,3.06,2026-08-21,3865.0,1300,6,100
2026-07-27,82,BRAVT231,ON      NM,BRBRAVACNOR3,23.13,2.83,0.0,0.0,2.99,2026-08-21,859.0,300,3,105
2026-07-27,82,BRAVT233,ON      NM,BRBRAVACNOR3,23.38,2.96,0.05,0.0,2.96,2026-08-21,592.0,200,1,105
2026-07-27,82,BRAVT236,ON      NM,BRBRAVACNOR3,23.63,3.18,0.0,0.0,3.18,2026-08-21,636.0,200,1,105
2026-07-27,82,BRAVT238,ON      NM,BRBRAVACNOR3,23.88,3.4,3.05,0.0,3.4,2026-08-21,340.0,100,1,105
2026-07-27,82,BRAVT241,ON      NM,BRBRAVACNOR3,24.13,3.7,0.0,0.0,3.7,2026-08-21,740.0,200,1,105
2026-07-27,82,BRAVT243,ON      NM,BRBRAVACNOR3,24.38,3.85,0.0,0.0,4.56,2026-08-21,341903.0,82300,101,105
2026-07-27,82,BRAVT248,ON      NM,BRBRAVACNOR3,24.88,4.41,0.1,0.0,4.41,2026-08-21,882.0,200,1,105
2026-07-27,82,BRAVT253,ON      NM,BRBRAVACNOR3,25.38,4.26,4.05,0.0,4.26,2026-08-21,426.0,100,1,105
2026-07-27,82,BRAVT310,ON      NM,BRBRAVACNOR3,30.88,10.46,9.2,0.0,10.52,2026-08-21,5242.0,500,2,101
2026-07-27,82,BRAVT328,ON      NM,BRBRAVACNOR3,32.88,12.25,10.76,0.0,12.62,2026-08-21,212150.0,17100,19,105
2026-07-27,82,BRAVT372,ON      NM,BRBRAVACNOR3,37.13,16.83,15.8,17.4,16.83,2026-08-21,6732.0,400,1,103
2026-07-27,82,BRAVT455,ON      NM,BRBRAVACNOR3,45.38,24.99,0.0,0.0,24.99,2026-08-21,7497.0,300,3,103
2026-07-27,82,BRAVU142,ON      NM,BRBRAVACNOR3,14.13,0.1,0.0,0.0,0.1,2026-09-18,1000.0,10000,1,104
2026-07-27,82,BRAVU145,ON      NM,BRBRAVACNOR3,14.38,0.08,0.0,0.0,0.08,2026-09-18,72.0,900,2,104
2026-07-27,82,BRAVU160,ON      NM,BRBRAVACNOR3,15.88,0.18,0.0,0.0,0.18,2026-09-18,18.0,100,1,104
2026-07-27,82,BRAVU165,ON      NM,BRBRAVACNOR3,16.38,0.22,0.0,0.9,0.23,2026-09-18,1950.0,8500,2,104
2026-07-27,82,BRAVU167,ON      NM,BRBRAVACNOR3,16.63,0.21,0.09,0.5,0.22,2026-09-18,5242.0,24200,4,104
2026-07-27,82,BRAVU170,ON      NM,BRBRAVACNOR3,16.88,0.23,0.0,0.3,0.28,2026-09-18,26497.0,98700,24,104
2026-07-27,82,BRAVU172,ON      NM,BRBRAVACNOR3,17.13,0.31,0.0,0.0,0.32,2026-09-18,3407.0,10400,9,104
2026-07-27,82,BRAVU177,ON      NM,BRBRAVACNOR3,17.63,0.41,0.23,1.5,0.4,2026-09-18,12772.0,31200,8,103
2026-07-27,82,BRAVU180,ON      NM,BRBRAVACNOR3,17.88,0.43,0.1,0.98,0.46,2026-09-18,3664.0,8200,6,104
2026-07-27,82,BRAVU182,ON      NM,BRBRAVACNOR3,18.13,0.39,0.0,0.0,0.51,2026-09-18,946.0,2100,12,104
2026-07-27,82,BRAVU185,ON      NM,BRBRAVACNOR3,18.38,0.5,0.18,1.4,0.68,2026-09-18,152814.0,280000,1267,103
2026-07-27,82,BRAVU187,ON      NM,BRBRAVACNOR3,18.63,0.52,0.29,0.0,0.63,2026-09-18,32170.0,53600,255,104
2026-07-27,82,BRAVU190,ON      NM,BRBRAVACNOR3,18.88,0.63,0.39,0.0,0.83,2026-09-18,12886.0,18300,13,104
2026-07-27,82,BRAVU192,ON      NM,BRBRAVACNOR3,19.13,0.69,0.49,0.0,0.8,2026-09-18,136970.0,180300,891,104
2026-07-27,82,BRAVU195,ON      NM,BRBRAVACNOR3,19.38,0.75,0.15,1.04,0.96,2026-09-18,4484.0,5200,9,104
2026-07-27,82,BRAVU200,ON      NM,BRBRAVACNOR3,19.88,0.98,0.7,0.0,1.21,2026-09-18,52876.0,52000,13,104
2026-07-27,82,BRAVU202,ON      NM,BRBRAVACNOR3,20.13,1.03,0.6,0.0,1.27,2026-09-18,8123.0,7300,10,103
2026-07-27,82,BRAVU205,ON      NM,BRBRAVACNOR3,20.38,1.17,0.01,1.95,1.29,2026-09-18,16831.0,13200,63,104
2026-07-27,82,BRAVU209,ON      NM,BRBRAVACNOR3,20.88,1.4,1.02,1.95,1.5,2026-09-18,990.0,700,3,103
2026-07-27,82,BRAVU21,ON      NM,BRBRAVACNOR3,21.13,1.6,0.0,0.0,1.61,2026-09-18,16847.0,10400,8,104
2026-07-27,82,BRAVU215,ON      NM,BRBRAVACNOR3,21.38,1.78,0.0,1.88,1.76,2026-09-18,60636.0,34900,91,104
2026-07-27,82,BRAVU255,ON      NM,BRBRAVACNOR3,25.38,5.1,0.0,0.0,4.95,2026-09-18,4020.0,800,2,104
2026-07-27,82,BRAVV17,ON      NM,BRBRAVACNOR3,16.88,0.4,0.3,1.0,0.49,2026-10-16,965.0,2300,2,100
2026-07-27,82,BRAVV18,ON      NM,BRBRAVACNOR3,17.88,0.65,0.0,1.0,0.65,2026-10-16,650.0,1000,1,100
2026-07-27,82,BRAVV19,ON      NM,BRBRAVACNOR3,18.88,1.07,0.57,2.2,1.04,2026-10-16,1311.0,1200,3,100
2026-07-27,82,BRAVV195,ON      NM,BRBRAVACNOR3,19.38,1.0,0.0,1.0,1.0,2026-10-16,400.0,400,1,103
2026-07-27,82,BRAVV20,ON      NM,BRBRAVACNOR3,19.88,1.34,0.34,0.0,1.35,2026-10-16,12190.0,9000,4,100
2026-07-27,82,BRAVV22,ON      NM,BRBRAVACNOR3,21.88,2.15,1.77,0.0,2.15,2026-10-16,6450.0,3000,1,100
2026-07-27,82,BRAVX13,ON      NM,BRBRAVACNOR3,12.88,0.11,0.1,0.0,0.14,2026-12-18,234.0,1700,5,103
2026-07-27,82,BRAVX180,ON      NM,BRBRAVACNOR3,17.88,1.63,1.35,1.69,1.43,2027-12-17,7596.0,5400,4,103
2026-07-27,82,BRAVX200,ON      NM,BRBRAVACNOR3,19.88,2.25,2.0,2.85,2.25,2027-12-17,47121.0,20900,5,103
2026-07-27,82,BRAVX202,ON      NM,BRBRAVACNOR3,20.13,1.74,1.0,0.0,1.74,2026-12-18,174.0,100,1,104
2026-07-27,82,BRAVX32,ON      NM,BRBRAVACNOR3,31.88,10.71,0.0,0.0,10.71,2026-12-18,97461.0,9100,3,103
2026-07-27,82,BRAVX330,ON      NM,BRBRAVACNOR3,32.88,11.55,0.0,0.0,11.55,2026-12-18,3465.0,300,1,100
2026-07-23,78,BRAVB229,ON      NM,BRBRAVACNOR3,22.88,1.51,0.44,4.3,1.51,2027-02-19,755.0,500,1,100
2026-07-23,78,BRAVB24,ON      NM,BRBRAVACNOR3,24.38,0.92,0.15,0.0,0.92,2027-02-19,276.0,300,1,100
2026-07-23,78,BRAVC19,ON      NM,BRBRAVACNOR3,18.88,5.34,5.34,5.9,5.25,2028-03-17,19749.0,3700,3,104
2026-07-23,78,BRAVD215,ON      NM,BRBRAVACNOR3,21.5,2.12,2.0,0.0,2.12,2027-04-16,1060.0,500,1,105
2026-07-23,78,BRAVF340,ON      NM,BRBRAVACNOR3,34.0,1.3,0.0,7.98,1.3,2028-06-16,130.0,100,1,105
2026-07-23,78,BRAVG176,ON      NM,BRBRAVACNOR3,17.48,4.9,4.85,6.2,4.8,2027-07-16,34410.0,7100,6,102
2026-07-23,78,BRAVG178W4,ON      NM,BRBRAVACNOR3,17.88,2.57,0.0,0.0,2.57,2026-07-24,12850.0,5000,1,105
2026-07-23,78,BRAVG183W4,ON      NM,BRBRAVACNOR3,18.38,2.02,0.0,0.0,2.02,2026-07-24,404.0,200,1,105
2026-07-23,78,BRAVG186W4,ON      NM,BRBRAVACNOR3,18.63,1.96,1.8,2.05,1.75,2026-07-24,46733.0,25700,19,105
2026-07-23,78,BRAVG186W5,ON      NM,BRBRAVACNOR3,18.63,1.97,1.65,2.04,1.8,2026-07-31,53025.0,28800,15,105
2026-07-23,78,BRAVG191W4,ON      NM,BRBRAVACNOR3,19.13,1.3,0.0,0.0,1.3,2026-07-24,130.0,100,1,105
2026-07-23,78,BRAVG198W4,ON      NM,BRBRAVACNOR3,19.88,0.67,0.0,0.0,0.67,2026-07-24,335.0,500,2,105
2026-07-23,78,BRAVG201W4,ON      NM,BRBRAVACNOR3,20.13,0.43,0.45,0.0,0.43,2026-07-24,215.0,500,2,105
2026-07-23,78,BRAVG203W4,ON      NM,BRBRAVACNOR3,20.38,0.24,0.04,0.31,0.23,2026-07-24,239.0,1000,3,105
2026-07-23,78,BRAVG203W5,ON      NM,BRBRAVACNOR3,20.38,0.56,0.0,1.0,0.5,2026-07-31,946.0,1700,8,105
2026-07-23,78,BRAVG206W4,ON      NM,BRBRAVACNOR3,20.63,0.12,0.0,0.35,0.13,2026-07-24,112.0,900,4,105
2026-07-23,78,BRAVG208W4,ON      NM,BRBRAVACNOR3,20.88,0.04,0.0,0.07,0.15,2026-07-24,314.0,2200,3,105
2026-07-23,78,BRAVG208W5,ON      NM,BRBRAVACNOR3,20.88,0.29,0.0,0.45,0.28,2026-07-31,2283.0,7700,9,105
2026-07-23,78,BRAVG211W5,ON      NM,BRBRAVACNOR3,21.13,0.24,0.0,0.0,0.21,2026-07-31,654.0,2800,12,105
2026-07-23,78,BRAVH120,ON      NM,BRBRAVACNOR3,11.88,8.69,0.0,0.0,8.42,2026-08-21,102744.0,11900,41,103
2026-07-23,78,BRAVH171W1,ON      NM,BRBRAVACNOR3,17.13,2.95,0.0,2.95,3.09,2026-08-07,8831378.0,2968800,761,105
2026-07-23,78,BRAVH172W2,ON      NM,BRBRAVACNOR3,17.25,3.5,0.0,0.0,3.5,2026-08-14,350.0,100,1,105
2026-07-23,78,BRAVH173W1,ON      NM,BRBRAVACNOR3,17.38,2.96,0.0,0.0,3.06,2026-08-07,9457794.0,3085300,877,105
2026-07-23,78,BRAVH175,ON      NM,BRBRAVACNOR3,17.38,3.07,0.0,0.0,3.11,2026-08-21,2462.0,800,8,103
2026-07-23,78,BRAVH176W1,ON      NM,BRBRAVACNOR3,17.63,2.57,2.22,0.0,2.47,2026-08-07,422383.0,169500,141,105
2026-07-23,78,BRAVH178W1,ON      NM,BRBRAVACNOR3,17.88,2.59,0.0,3.62,2.44,2026-08-07,122368.0,47100,97,105
2026-07-23,78,BRAVH180,ON      NM,BRBRAVACNOR3,17.88,2.7,1.88,3.0,2.59,2026-08-21,844797.0,322400,2804,100
2026-07-23,78,BRAVH181,ON      NM,BRBRAVACNOR3,18.13,2.2,1.8,0.0,2.07,2026-08-21,27974.0,13200,23,105
2026-07-23,78,BRAVH181W1,ON      NM,BRBRAVACNOR3,18.13,2.11,0.0,0.0,2.03,2026-08-07,3815.0,1900,9,105
2026-07-23,78,BRAVH183,ON      NM,BRBRAVACNOR3,18.38,2.27,0.0,0.0,2.1,2026-08-21,431770.0,196500,1830,105
2026-07-23,78,BRAVH183W1,ON      NM,BRBRAVACNOR3,18.38,2.09,0.0,0.0,2.1,2026-08-07,419.0,200,2,105
2026-07-23,78,BRAVH187,ON      NM,BRBRAVACNOR3,18.63,1.77,1.56,1.83,1.64,2026-08-21,362637.0,202500,1762,103
2026-07-23,78,BRAVH190,ON      NM,BRBRAVACNOR3,18.88,1.78,0.88,1.86,1.8,2026-08-21,272422.0,153800,1434,100
2026-07-23,78,BRAVH193,ON      NM,BRBRAVACNOR3,19.38,1.44,0.38,1.6,1.72,2026-08-21,269778.0,188000,449,105
2026-07-23,78,BRAVH200,ON      NM,BRBRAVACNOR3,19.88,1.18,0.85,1.23,1.08,2026-08-21,194253.0,173900,371,100
2026-07-23,78,BRAVH203,ON      NM,BRBRAVACNOR3,20.38,0.89,0.8,0.9,0.81,2026-08-21,96795.0,113400,352,105
2026-07-23,78,BRAVH206,ON      NM,BRBRAVACNOR3,20.63,0.73,0.63,0.77,0.66,2026-08-21,37624.0,51200,403,105
2026-07-23,78,BRAVH206W1,ON      NM,BRBRAVACNOR3,20.63,0.58,0.0,0.0,0.58,2026-08-07,580.0,1000,1,105
2026-07-23,78,BRAVH210,ON      NM,BRBRAVACNOR3,20.88,0.64,0.5,0.64,0.54,2026-08-21,56171.0,91400,397,100
2026-07-23,78,BRAVH210W2,ON      NM,BRBRAVACNOR3,21.0,0.5,0.0,0.0,0.5,2026-08-14,100.0,200,1,105
2026-07-23,78,BRAVH211,ON      NM,BRBRAVACNOR3,21.13,0.48,0.53,0.55,0.47,2026-08-21,33351.0,61500,471,105
2026-07-23,78,BRAVH213,ON      NM,BRBRAVACNOR3,21.38,0.5,0.38,0.52,0.42,2026-08-21,26853.0,55900,362,105
2026-07-23,78,BRAVH216,ON      NM,BRBRAVACNOR3,21.63,0.38,0.0,0.37,0.26,2026-08-21,19842.0,55500,109,105
2026-07-23,78,BRAVH220,ON      NM,BRBRAVACNOR3,21.88,0.3,0.23,0.38,0.26,2026-08-21,281408.0,750800,473,100
2026-07-23,78,BRAVH223,ON      NM,BRBRAVACNOR3,22.38,0.22,0.0,0.29,0.25,2026-08-21,9164.0,36900,270,105
2026-07-23,78,BRAVH226,ON      NM,BRBRAVACNOR3,22.63,0.21,0.0,0.35,0.15,2026-08-21,10181.0,54400,247,105
2026-07-23,78,BRAVH230,ON      NM,BRBRAVACNOR3,22.88,0.17,0.16,0.18,0.18,2026-08-21,16652.0,95800,145,100
2026-07-23,78,BRAVH231,ON      NM,BRBRAVACNOR3,23.13,0.14,0.09,0.15,0.11,2026-08-21,14750.0,118900,95,105
2026-07-23,78,BRAVH233,ON      NM,BRBRAVACNOR3,23.38,0.1,0.0,0.15,0.1,2026-08-21,189.0,1800,6,105
2026-07-23,78,BRAVH236,ON      NM,BRBRAVACNOR3,23.63,0.09,0.06,0.11,0.08,2026-08-21,512.0,5700,7,105
2026-07-23,78,BRAVH241,ON      NM,BRBRAVACNOR3,24.13,0.07,0.06,0.08,0.07,2026-08-21,280.0,4000,3,105
2026-07-23,78,BRAVH243,ON      NM,BRBRAVACNOR3,24.38,0.06,0.0,0.25,0.06,2026-08-21,36.0,600,1,105
2026-07-23,78,BRAVH253,ON      NM,BRBRAVACNOR3,25.38,0.02,0.02,0.22,0.03,2026-08-21,84.0,3000,4,105
2026-07-23,78,BRAVI110,ON      NM,BRBRAVACNOR3,10.88,9.71,0.0,0.0,9.71,2026-09-18,2913.0,300,1,104
2026-07-23,78,BRAVI115,ON      NM,BRBRAVACNOR3,11.38,9.24,0.0,0.0,9.19,2026-09-18,269675.0,29300,53,104
2026-07-23,78,BRAVI145,ON      NM,BRBRAVACNOR3,14.38,6.19,0.0,0.0,6.05,2026-09-18,117533.0,19200,120,104
2026-07-23,78,BRAVI187,ON      NM,BRBRAVACNOR3,18.63,2.07,1.72,0.0,1.75,2026-09-18,114790.0,63100,199,104
2026-07-23,78,BRAVI190,ON      NM,BRBRAVACNOR3,18.88,1.97,0.8,2.25,1.96,2026-09-18,21713.0,11100,16,104
2026-07-23,78,BRAVI192,ON      NM,BRBRAVACNOR3,19.13,1.65,0.0,1.8,1.62,2026-09-18,12836.0,7900,15,104
2026-07-23,78,BRAVI195,ON      NM,BRBRAVACNOR3,19.38,1.62,1.15,0.0,1.53,2026-09-18,8632.0,5300,6,104
2026-07-23,78,BRAVI197,ON      NM,BRBRAVACNOR3,19.63,1.35,1.1,0.0,1.3,2026-09-18,32468.0,24900,43,104
2026-07-23,78,BRAVI200,ON      NM,BRBRAVACNOR3,19.88,1.38,1.2,1.67,1.38,2026-09-18,276.0,200,1,104
2026-07-23,78,BRAVI202,ON      NM,BRBRAVACNOR3,20.13,1.01,1.0,1.15,1.0,2026-09-18,9189.0,9000,17,103
2026-07-23,78,BRAVI205,ON      NM,BRBRAVACNOR3,20.38,1.1,0.0,0.0,0.91,2026-09-18,36201.0,38600,59,104
2026-07-23,78,BRAVI207,ON      NM,BRBRAVACNOR3,20.63,0.9,0.8,1.28,0.8,2026-09-18,8568.0,10000,27,104
2026-07-23,78,BRAVI209,ON      NM,BRBRAVACNOR3,20.88,0.88,0.7,0.88,0.8,2026-09-18,45361.0,54300,59,103
2026-07-23,78,BRAVI21,ON      NM,BRBRAVACNOR3,21.13,0.65,0.0,0.73,0.69,2026-09-18,8222.0,12100,8,104
2026-07-23,78,BRAVI215,ON      NM,BRBRAVACNOR3,21.38,0.7,0.6,0.0,0.68,2026-09-18,4520.0,6900,16,104
2026-07-23,78,BRAVI217,ON      NM,BRBRAVACNOR3,21.63,0.52,0.0,0.0,0.48,2026-09-18,1428.0,2800,5,104
2026-07-23,78,BRAVI22,ON      NM,BRBRAVACNOR3,22.13,0.41,0.35,0.48,0.41,2026-09-18,205.0,500,4,104
2026-07-23,78,BRAVI220,ON      NM,BRBRAVACNOR3,21.88,0.47,0.39,0.0,0.42,2026-09-18,7077.0,16500,22,104
2026-07-23,78,BRAVI225,ON      NM,BRBRAVACNOR3,22.38,0.38,0.39,0.46,0.38,2026-09-18,3800.0,10000,13,104
2026-07-23,78,BRAVI227,ON      NM,BRBRAVACNOR3,22.63,0.31,0.0,0.0,0.33,2026-09-18,227.0,700,2,104
2026-07-23,78,BRAVI23,ON      NM,BRBRAVACNOR3,22.88,0.26,0.27,0.35,0.26,2026-09-18,353.0,1300,9,100
2026-07-23,78,BRAVI250,ON      NM,BRBRAVACNOR3,24.88,0.11,0.0,0.0,0.11,2026-09-18,32.0,300,3,104
2026-07-23,78,BRAVI255,ON      NM,BRBRAVACNOR3,25.38,0.08,0.0,0.1,0.07,2026-09-18,15.0,200,2,104
2026-07-23,78,BRAVJ18,ON      NM,BRBRAVACNOR3,17.88,2.95,0.0,0.0,2.95,2026-10-16,295.0,100,1,100
2026-07-23,78,BRAVJ20,ON      NM,BRBRAVACNOR3,19.88,1.51,1.3,2.5,1.51,2026-10-16,151.0,100,1,100
2026-07-23,78,BRAVJ23,ON      NM,BRBRAVACNOR3,22.88,0.42,0.31,0.48,0.42,2026-10-16,42.0,100,1,100
2026-07-23,78,BRAVJ233,ON      NM,BRBRAVACNOR3,23.38,0.35,0.2,0.0,0.35,2026-10-16,35.0,100,1,105
2026-07-23,78,BRAVK23,ON      NM,BRBRAVACNOR3,22.88,0.75,0.0,0.0,0.75,2026-11-19,75.0,100,1,100
2026-07-23,78,BRAVL240,ON      NM,BRBRAVACNOR3,23.88,0.82,0.0,1.4,0.75,2026-12-18,971.0,1200,3,104
2026-07-23,78,BRAVL250,ON      NM,BRBRAVACNOR3,24.88,2.5,0.53,2.9,2.5,2027-12-17,2500.0,1000,1,103
2026-07-23,82,BRAVN22,ON      NM,BRBRAVACNOR3,21.88,2.9,3.0,4.2,2.9,2028-02-18,4350.0,1500,1,103
2026-07-23,82,BRAVS178W5,ON      NM,BRBRAVACNOR3,17.88,0.04,0.03,0.0,0.04,2026-07-31,80.0,2000,2,105
2026-07-23,82,BRAVS188W4,ON      NM,BRBRAVACNOR3,18.88,0.01,0.0,0.01,0.01,2026-07-24,4.0,400,1,105
2026-07-23,82,BRAVS188W5,ON      NM,BRBRAVACNOR3,18.88,0.05,0.0,0.0,0.05,2026-07-31,20.0,400,2,105
2026-07-23,82,BRAVS198W4,ON      NM,BRBRAVACNOR3,19.88,0.07,0.01,0.08,0.06,2026-07-24,440.0,7000,2,105
2026-07-23,82,BRAVS198W5,ON      NM,BRBRAVACNOR3,19.88,0.23,0.2,0.34,0.32,2026-07-31,3963.0,12600,18,105
2026-07-23,82,BRAVS201W4,ON      NM,BRBRAVACNOR3,20.13,0.07,0.0,0.12,0.06,2026-07-24,269.0,4300,4,105
2026-07-23,82,BRAVS201W5,ON      NM,BRBRAVACNOR3,20.13,0.35,0.0,0.4,0.3,2026-07-31,335.0,1100,2,105
2026-07-23,82,BRAVS203W4,ON      NM,BRBRAVACNOR3,20.38,0.16,0.0,0.25,0.16,2026-07-24,480.0,3000,1,105
2026-07-23,82,BRAVS203W5,ON      NM,BRBRAVACNOR3,20.38,0.55,0.0,1.47,0.53,2026-07-31,5510.0,11000,3,105
2026-07-23,82,BRAVS206W4,ON      NM,BRBRAVACNOR3,20.63,0.3,0.0,0.0,0.3,2026-07-24,1650.0,5500,2,105
2026-07-23,82,BRAVS208W4,ON      NM,BRBRAVACNOR3,20.88,0.49,0.0,0.0,0.54,2026-07-24,103.0,200,2,105
2026-07-23,82,BRAVS211W4,ON      NM,BRBRAVACNOR3,21.13,1.01,0.0,0.0,1.01,2026-07-24,3535.0,3500,2,105
2026-07-23,82,BRAVS213W4,ON      NM,BRBRAVACNOR3,21.38,0.97,0.0,0.0,0.96,2026-07-24,2890.0,3000,3,105
2026-07-23,82,BRAVT120,ON      NM,BRBRAVACNOR3,11.88,0.04,0.0,0.05,0.04,2026-08-21,487.0,10800,39,103
2026-07-23,82,BRAVT133W1,ON      NM,BRBRAVACNOR3,13.38,0.03,0.0,0.0,0.03,2026-08-07,3.0,100,1,105
2026-07-23,82,BRAVT136,ON      NM,BRBRAVACNOR3,13.63,0.04,0.0,0.1,0.04,2026-08-21,4.0,100,1,105
2026-07-23,82,BRAVT138,ON      NM,BRBRAVACNOR3,13.88,0.06,0.0,0.0,0.06,2026-08-21,6.0,100,1,105
2026-07-23,82,BRAVT151,ON      NM,BRBRAVACNOR3,15.13,0.18,0.0,0.21,0.18,2026-08-21,1800.0,10000,1,105
2026-07-23,82,BRAVT160,ON      NM,BRBRAVACNOR3,15.88,0.17,0.08,0.21,0.16,2026-08-21,30746.0,178500,32,103
2026-07-23,82,BRAVT170,ON      NM,BRBRAVACNOR3,16.88,0.22,0.22,0.33,0.26,2026-08-21,3162.0,12000,18,100
2026-07-23,82,BRAVT171W1,ON      NM,BRBRAVACNOR3,17.13,0.2,0.0,0.34,0.2,2026-08-07,200.0,1000,1,105
2026-07-23,82,BRAVT175,ON      NM,BRBRAVACNOR3,17.38,0.31,0.29,1.0,0.33,2026-08-21,131603.0,354900,24,103
2026-07-23,82,BRAVT180,ON      NM,BRBRAVACNOR3,17.88,0.4,0.4,0.64,0.5,2026-08-21,626497.0,1401500,3059,100
2026-07-23,82,BRAVT181,ON      NM,BRBRAVACNOR3,18.13,0.47,0.41,1.0,0.51,2026-08-21,13765.0,27100,18,105
2026-07-23,82,BRAVT183,ON      NM,BRBRAVACNOR3,18.38,0.51,0.29,1.0,0.48,2026-08-21,146225.0,242500,1915,105
2026-07-23,82,BRAVT187,ON      NM,BRBRAVACNOR3,18.63,0.57,0.39,0.7,0.68,2026-08-21,261065.0,406400,2122,103
2026-07-23,82,BRAVT190,ON      NM,BRBRAVACNOR3,18.88,0.67,0.65,0.75,0.89,2026-08-21,144386.0,186200,1428,100
2026-07-23,82,BRAVT193,ON      NM,BRBRAVACNOR3,19.38,0.85,0.6,0.0,0.93,2026-08-21,90711.0,100200,386,105
2026-07-23,82,BRAVT200,ON      NM,BRBRAVACNOR3,19.88,1.13,1.0,1.13,1.12,2026-08-21,219194.0,192900,503,100
2026-07-23,82,BRAVT203,ON      NM,BRBRAVACNOR3,20.38,1.3,1.27,1.58,1.51,2026-08-21,38523.0,28600,231,105
2026-07-23,82,BRAVT206,ON      NM,BRBRAVACNOR3,20.63,1.39,0.0,0.0,1.48,2026-08-21,69066.0,45000,384,105
2026-07-23,82,BRAVT210,ON      NM,BRBRAVACNOR3,20.88,1.6,1.5,2.3,1.83,2026-08-21,106884.0,61200,334,100
2026-07-23,82,BRAVT211,ON      NM,BRBRAVACNOR3,21.13,1.72,1.1,0.0,1.85,2026-08-21,115774.0,62100,506,105
2026-07-23,82,BRAVT213,ON      NM,BRBRAVACNOR3,21.38,1.86,0.0,0.0,2.12,2026-08-21,109554.0,53100,421,105
2026-07-23,82,BRAVT213W4,ON      NM,BRBRAVACNOR3,21.38,1.67,0.0,0.0,1.67,2026-08-28,5845.0,3500,2,105
2026-07-23,82,BRAVT218W4,ON      NM,BRBRAVACNOR3,21.88,2.4,0.0,0.0,2.54,2026-08-28,988.0,400,3,105
2026-07-23,82,BRAVT220,ON      NM,BRBRAVACNOR3,21.88,2.22,2.21,0.0,2.41,2026-08-21,103900.0,43500,403,100
2026-07-23,82,BRAVT223,ON      NM,BRBRAVACNOR3,22.38,2.63,1.01,0.0,2.85,2026-08-21,108220.0,38500,333,105
2026-07-23,82,BRAVT226,ON      NM,BRBRAVACNOR3,22.63,2.91,0.5,0.0,2.99,2026-08-21,48426.0,16700,156,105
2026-07-23,82,BRAVT230,ON      NM,BRBRAVACNOR3,22.88,3.03,3.01,3.3,3.22,2026-08-21,60532.0,19400,106,100
2026-07-23,82,BRAVT231,ON      NM,BRBRAVACNOR3,23.13,3.37,0.0,0.0,3.37,2026-08-21,337.0,100,1,105
2026-07-23,82,BRAVT243,ON      NM,BRBRAVACNOR3,24.38,4.55,0.0,0.0,4.72,2026-08-21,59604.0,13000,22,105
2026-07-23,82,BRAVT372,ON      NM,BRBRAVACNOR3,37.13,17.1,17.03,0.0,17.1,2026-08-21,3420.0,200,2,103
2026-07-23,82,BRAVU115,ON      NM,BRBRAVACNOR3,11.38,0.1,0.0,0.0,0.1,2026-09-18,210.0,2100,21,104
2026-07-23,82,BRAVU145,ON      NM,BRBRAVACNOR3,14.38,0.18,0.0,0.0,0.18,2026-09-18,1839.0,10300,101,104
2026-07-23,82,BRAVU150,ON      NM,BRBRAVACNOR3,14.88,0.2,0.0,0.0,0.2,2026-09-18,20.0,100,1,104
2026-07-23,82,BRAVU155,ON      NM,BRBRAVACNOR3,15.38,0.2,0.0,0.0,0.2,2026-09-18,600.0,3000,1,104
2026-07-23,82,BRAVU160,ON      NM,BRBRAVACNOR3,15.88,0.28,0.0,0.0,0.28,2026-09-18,140.0,500,3,104
2026-07-23,82,BRAVU165,ON      NM,BRBRAVACNOR3,16.38,0.36,0.0,0.9,0.29,2026-09-18,20928.0,64200,64,104
2026-07-23,82,BRAVU170,ON      NM,BRBRAVACNOR3,16.88,0.42,0.0,0.0,0.41,2026-09-18,10292.0,25100,2,104
2026-07-23,82,BRAVU177,ON      NM,BRBRAVACNOR3,17.63,0.55,0.23,1.5,0.59,2026-09-18,17580.0,30600,43,103
2026-07-23,82,BRAVU180,ON      NM,BRBRAVACNOR3,17.88,0.56,0.1,0.98,0.63,2026-09-18,1319.0,2200,3,104
2026-07-23,82,BRAVU182,ON      NM,BRBRAVACNOR3,18.13,0.63,0.0,0.0,0.63,2026-09-18,9450.0,15000,1,104
2026-07-23,82,BRAVU187,ON      NM,BRBRAVACNOR3,18.63,0.68,0.29,1.2,0.79,2026-09-18,14175.0,17900,135,104
2026-07-23,82,BRAVU190,ON      NM,BRBRAVACNOR3,18.88,0.87,0.78,0.0,0.7,2026-09-18,11447.0,13500,10,104
2026-07-23,82,BRAVU192,ON      NM,BRBRAVACNOR3,19.13,0.91,0.0,0.0,1.05,2026-09-18,18557.0,18400,38,104
2026-07-23,82,BRAVU200,ON      NM,BRBRAVACNOR3,19.88,1.24,1.1,1.3,1.36,2026-09-18,12731.0,9600,9,104
2026-07-23,82,BRAVU202,ON      NM,BRBRAVACNOR3,20.13,1.39,1.1,0.0,1.37,2026-09-18,7087.0,5100,13,103
2026-07-23,82,BRAVU205,ON      NM,BRBRAVACNOR3,20.38,1.5,0.0,0.0,1.65,2026-09-18,25630.0,16500,23,104
2026-07-23,82,BRAVU209,ON      NM,BRBRAVACNOR3,20.88,1.77,1.35,0.0,1.77,2026-09-18,177.0,100,1,103
2026-07-23,82,BRAVU215,ON      NM,BRBRAVACNOR3,21.38,2.13,0.0,0.0,2.32,2026-09-18,73125.0,31600,28,104
2026-07-23,82,BRAVU217,ON      NM,BRBRAVACNOR3,21.63,2.38,0.0,0.0,2.46,2026-09-18,484.0,200,2,104
2026-07-23,82,BRAVU220,ON      NM,BRBRAVACNOR3,21.88,2.6,0.0,2.8,2.56,2026-09-18,516.0,200,2,104
2026-07-23,82,BRAVU225,ON      NM,BRBRAVACNOR3,22.38,2.88,0.0,0.0,3.03,2026-09-18,115378.0,39200,35,104
2026-07-23,82,BRAVU227,ON      NM,BRBRAVACNOR3,22.63,3.04,0.0,0.0,3.2,2026-09-18,3428.0,1100,9,104
2026-07-23,82,BRAVV20,ON      NM,BRBRAVACNOR3,19.88,1.6,0.2,0.0,1.67,2026-10-16,25366.0,15100,7,100
2026-07-23,82,BRAVV23,ON      NM,BRBRAVACNOR3,22.88,3.58,0.51,0.0,3.6,2026-10-16,7187.0,2000,3,100
2026-07-23,82,BRAVW23,ON      NM,BRBRAVACNOR3,22.88,3.57,1.5,0.0,3.55,2026-11-19,6424.0,1800,2,100
2026-07-23,82,BRAVX13,ON      NM,BRBRAVACNOR3,12.88,0.17,0.0,0.0,0.11,2026-12-18,2620.0,15400,10,103
2026-07-23,82,BRAVX180,ON      NM,BRBRAVACNOR3,17.88,1.73,1.4,1.73,1.73,2027-12-17,12053.0,7400,7,103
2026-07-23,82,BRAVX200,ON      NM,BRBRAVACNOR3,19.88,2.25,2.25,2.88,2.45,2027-12-17,18200.0,8000,3,103
